date,open,close,high,low,volume,amount,amplitude,pct_change,change_amount,turnover_rate,instrument
2023-01-03,2.466,2.477,2.485,2.441,6994091,1844826513.0,1.78,0.08,0.002,8.58,510050
2023-01-04,2.478,2.486,2.494,2.472,6811505,1810452570.0,0.89,0.36,0.009,8.35,510050
2023-01-05,2.506,2.536,2.541,2.502,7673493,2071085590.0,1.57,2.01,0.05,9.41,510050
2023-01-06,2.538,2.551,2.557,2.535,5207344,1416608193.0,0.87,0.59,0.015,6.39,510050
2023-01-09,2.56,2.576,2.584,2.557,5767041,1584096617.0,1.06,0.98,0.025,7.07,510050
2023-01-10,2.576,2.568,2.584,2.566,3703964,1017608300.0,0.7,-0.31,-0.008,4.54,510050
2023-01-11,2.572,2.574,2.596,2.568,5501241,1517125195.0,1.09,0.23,0.006,6.75,510050
2023-01-12,2.583,2.58,2.587,2.568,3760025,1034524416.0,0.74,0.23,0.006,4.61,510050
2023-01-13,2.588,2.625,2.626,2.584,6211516,1728075866.0,1.63,1.74,0.045,7.62,510050
2023-01-16,2.627,2.673,2.707,2.626,14942685,4262365349.0,3.09,1.83,0.048,18.33,510050
2023-01-17,2.671,2.664,2.676,2.65,7745356,2196088455.0,0.97,-0.34,-0.009,9.5,510050
2023-01-18,2.665,2.645,2.676,2.642,4374145,1236940535.0,1.28,-0.71,-0.019,5.37,510050
2023-01-19,2.637,2.655,2.657,2.62,10608961,2985736641.0,1.4,0.38,0.01,13.01,510050
2023-01-20,2.664,2.674,2.684,2.657,5153371,1465592269.0,1.02,0.72,0.019,6.32,510050
2023-01-30,2.726,2.675,2.731,2.669,7222290,2069324928.0,2.32,0.04,0.001,8.86,510050
2023-01-31,2.676,2.645,2.691,2.64,10023087,2836178472.0,1.91,-1.12,-0.03,12.29,510050
2023-02-01,2.652,2.656,2.657,2.613,8801468,2472760206.0,1.66,0.42,0.011,10.8,510050
2023-02-02,2.665,2.65,2.666,2.631,6050659,1704484775.0,1.32,-0.23,-0.006,7.42,510050
2023-02-03,2.632,2.609,2.641,2.586,7186050,1995759622.0,2.08,-1.55,-0.041,8.81,510050
2023-02-06,2.582,2.565,2.583,2.55,8026408,2196833433.0,1.26,-1.69,-0.044,9.84,510050
2023-02-07,2.574,2.573,2.585,2.563,5385890,1480671975.0,0.86,0.31,0.008,6.61,510050
2023-02-08,2.576,2.566,2.595,2.562,4116146,1130538490.0,1.28,-0.27,-0.007,5.05,510050
2023-02-09,2.562,2.595,2.602,2.56,7419446,2051189036.0,1.64,1.13,0.029,9.1,510050
2023-02-10,2.588,2.583,2.591,2.572,4470684,1231360996.0,0.73,-0.46,-0.012,5.48,510050
2023-02-13,2.572,2.601,2.605,2.564,6914539,1910593163.0,1.59,0.7,0.018,8.48,510050
2023-02-14,2.602,2.612,2.613,2.593,3698114,1026498605.0,0.77,0.42,0.011,4.54,510050
2023-02-15,2.611,2.586,2.617,2.581,4629191,1279511916.0,1.38,-1.0,-0.026,5.68,510050
2023-02-16,2.59,2.576,2.623,2.557,9284073,2574727599.0,2.55,-0.39,-0.01,11.39,510050
2023-02-17,2.571,2.547,2.593,2.544,8286179,2274513725.0,1.9,-1.13,-0.029,10.16,510050
2023-02-20,2.555,2.624,2.627,2.548,16163012,4457500171.0,3.1,3.02,0.077,19.82,510050
2023-02-21,2.623,2.638,2.642,2.614,12571254,3523700040.0,1.07,0.53,0.014,15.42,510050
2023-02-22,2.624,2.601,2.631,2.598,9068767,2528661213.0,1.25,-1.4,-0.037,11.12,510050
2023-02-23,2.604,2.6,2.623,2.588,5492708,1525445871.0,1.35,-0.04,-0.001,6.74,510050
2023-02-24,2.599,2.562,2.599,2.553,5845899,1603326991.0,1.77,-1.46,-0.038,7.17,510050
2023-02-27,2.549,2.559,2.571,2.545,3753529,1026115220.0,1.01,-0.12,-0.003,4.6,510050
2023-02-28,2.565,2.572,2.575,2.534,5747270,1569746201.0,1.6,0.51,0.013,7.05,510050
2023-03-01,2.57,2.603,2.618,2.563,10752492,2982122672.0,2.14,1.21,0.031,13.19,510050
2023-03-02,2.598,2.602,2.616,2.593,4911639,1364403340.0,0.88,-0.04,-0.001,6.02,510050
2023-03-03,2.611,2.605,2.618,2.589,5105758,1418655537.0,1.11,0.12,0.003,6.26,510050
2023-03-06,2.605,2.575,2.606,2.566,6715824,1847879966.0,1.54,-1.15,-0.03,8.24,510050
2023-03-07,2.57,2.544,2.593,2.541,8496081,2329975954.0,2.02,-1.2,-0.031,10.42,510050
2023-03-08,2.534,2.523,2.536,2.511,6506472,1753945559.0,0.98,-0.83,-0.021,7.98,510050
2023-03-09,2.524,2.504,2.527,2.49,9251809,2481642694.0,1.47,-0.75,-0.019,11.35,510050
2023-03-10,2.487,2.468,2.5,2.466,7825452,2078417819.0,1.36,-1.44,-0.036,9.6,510050
2023-03-13,2.466,2.495,2.505,2.466,5792902,1543605370.0,1.58,1.09,0.027,7.11,510050
2023-03-14,2.492,2.477,2.492,2.459,6653105,1763790666.0,1.32,-0.72,-0.018,8.16,510050
2023-03-15,2.496,2.478,2.505,2.477,6798532,1809780353.0,1.13,0.04,0.001,8.34,510050
2023-03-16,2.463,2.453,2.481,2.451,6448527,1702994098.0,1.21,-1.01,-0.025,7.91,510050
2023-03-17,2.472,2.463,2.506,2.449,11076690,2934197061.0,2.32,0.41,0.01,13.59,510050
2023-03-20,2.466,2.446,2.477,2.444,5590149,1472764878.0,1.34,-0.69,-0.017,6.86,510050
2023-03-21,2.456,2.473,2.478,2.454,8774690,2317373454.0,0.98,1.1,0.027,10.76,510050
2023-03-22,2.48,2.482,2.497,2.473,7796569,2073499381.0,0.97,0.36,0.009,9.56,510050
2023-03-23,2.473,2.499,2.5,2.473,4218210,1123529299.0,1.09,0.68,0.017,5.17,510050
2023-03-24,2.495,2.486,2.497,2.479,4224136,1123718051.0,0.72,-0.52,-0.013,5.18,510050
2023-03-27,2.481,2.469,2.488,2.459,4972088,1313211255.0,1.17,-0.68,-0.017,6.1,510050
2023-03-28,2.475,2.47,2.483,2.463,4814232,1273345596.0,0.81,0.04,0.001,5.9,510050
2023-03-29,2.486,2.466,2.49,2.462,4370344,1157229894.0,1.13,-0.16,-0.004,5.36,510050
2023-03-30,2.466,2.498,2.499,2.459,5811136,1541860963.0,1.62,1.3,0.032,7.13,510050
2023-03-31,2.501,2.495,2.514,2.489,5827104,1558997000.0,1.0,-0.12,-0.003,7.15,510050
2023-04-03,2.495,2.498,2.506,2.484,5775600,1542149143.0,0.88,0.12,0.003,7.08,510050
2023-04-04,2.501,2.508,2.509,2.489,5277525,1409821159.0,0.8,0.4,0.01,6.47,510050
2023-04-06,2.497,2.496,2.505,2.488,5102223,1362775549.0,0.68,-0.48,-0.012,6.26,510050
2023-04-07,2.496,2.515,2.525,2.495,4394099,1181089977.0,1.2,0.76,0.019,5.39,510050
2023-04-10,2.52,2.516,2.523,2.503,4274875,1148831495.0,0.8,0.04,0.001,5.24,510050
2023-04-11,2.518,2.51,2.525,2.5,5134756,1379171230.0,0.99,-0.24,-0.006,6.3,510050
2023-04-12,2.512,2.495,2.514,2.493,3529873,943960932.0,0.84,-0.6,-0.015,4.33,510050
2023-04-13,2.489,2.499,2.506,2.482,4260967,1136774850.0,0.96,0.16,0.004,5.23,510050
2023-04-14,2.506,2.51,2.522,2.5,3758752,1008943470.0,0.88,0.44,0.011,4.61,510050
2023-04-17,2.51,2.564,2.565,2.506,8260096,2241058337.0,2.35,2.15,0.054,10.13,510050
2023-04-18,2.561,2.574,2.582,2.557,6840900,1878871143.0,0.98,0.39,0.01,8.39,510050
2023-04-19,2.575,2.55,2.579,2.547,7059403,1930501674.0,1.24,-0.93,-0.024,8.66,510050
2023-04-20,2.55,2.532,2.552,2.525,9927785,2688941409.0,1.06,-0.71,-0.018,12.18,510050
2023-04-21,2.534,2.485,2.535,2.481,6940428,1862111507.0,2.13,-1.86,-0.047,8.51,510050
2023-04-24,2.484,2.449,2.488,2.439,6537842,1723665713.0,1.97,-1.45,-0.036,8.02,510050
2023-04-25,2.452,2.448,2.458,2.427,6843514,1790892020.0,1.27,-0.04,-0.001,8.39,510050
2023-04-26,2.448,2.445,2.456,2.437,9901829,2595482487.0,0.78,-0.12,-0.003,12.15,510050
2023-04-27,2.445,2.482,2.49,2.443,6106726,1612306898.0,1.92,1.51,0.037,7.49,510050
2023-04-28,2.482,2.506,2.513,2.482,5385948,1441790090.0,1.25,0.97,0.024,6.61,510050
2023-05-04,2.496,2.521,2.524,2.483,8033274,2158070035.0,1.64,0.6,0.015,9.85,510050
2023-05-05,2.525,2.513,2.533,2.501,4276098,1151525886.0,1.27,-0.32,-0.008,5.24,510050
2023-05-08,2.516,2.55,2.556,2.513,7718973,2094906057.0,1.71,1.47,0.037,9.47,510050
2023-05-09,2.554,2.532,2.578,2.531,9460392,2581293466.0,1.84,-0.71,-0.018,11.6,510050
2023-05-10,2.528,2.5,2.538,2.499,12671442,3407351445.0,1.54,-1.26,-0.032,15.54,510050
2023-05-11,2.509,2.494,2.516,2.49,3414709,914424225.0,1.04,-0.24,-0.006,4.19,510050
2023-05-12,2.491,2.457,2.499,2.456,8381463,2219185719.0,1.72,-1.48,-0.037,10.28,510050
2023-05-15,2.456,2.506,2.507,2.449,7365413,1948633565.0,2.36,1.99,0.049,9.03,510050
2023-05-16,2.508,2.5,2.514,2.49,4139537,1108002070.0,0.96,-0.24,-0.006,5.08,510050
2023-05-17,2.497,2.475,2.503,2.469,6463838,1719511803.0,1.36,-1.0,-0.025,7.93,510050
2023-05-18,2.481,2.471,2.494,2.461,5001811,1326092063.0,1.33,-0.16,-0.004,6.14,510050
2023-05-19,2.463,2.46,2.48,2.44,4895589,1289095178.0,1.62,-0.45,-0.011,6.0,510050
2023-05-22,2.458,2.485,2.499,2.456,6057546,1607624608.0,1.75,1.02,0.025,7.43,510050
2023-05-23,2.489,2.443,2.491,2.442,5679884,1497705671.0,1.97,-1.69,-0.042,6.97,510050
2023-05-24,2.439,2.403,2.442,2.402,10255726,2661080234.0,1.64,-1.64,-0.04,12.58,510050
2023-05-25,2.399,2.391,2.402,2.37,5672705,1453349939.0,1.33,-0.5,-0.012,6.96,510050
2023-05-26,2.389,2.389,2.4,2.363,4895198,1251103192.0,1.55,-0.08,-0.002,6.0,510050
2023-05-29,2.396,2.378,2.401,2.367,4874390,1244092489.0,1.42,-0.46,-0.011,5.98,510050
2023-05-30,2.377,2.367,2.386,2.337,7733127,1961064937.0,2.06,-0.46,-0.011,9.49,510050
2023-05-31,2.354,2.326,2.356,2.32,8220069,2060054132.0,1.52,-1.73,-0.041,10.08,510050
2023-06-01,2.321,2.331,2.357,2.321,7441608,1871859230.0,1.55,0.21,0.005,9.13,510050
2023-06-02,2.346,2.374,2.381,2.344,6348895,1611645326.0,1.59,1.84,0.043,7.79,510050
2023-06-05,2.368,2.362,2.375,2.353,3673219,932481470.0,0.93,-0.51,-0.012,4.51,510050
2023-06-06,2.361,2.349,2.395,2.347,6088878,1547803212.0,2.03,-0.55,-0.013,7.47,510050
2023-06-07,2.359,2.348,2.371,2.337,4196962,1061363001.0,1.45,-0.04,-0.001,5.15,510050
2023-06-08,2.344,2.373,2.384,2.337,6065365,1537183797.0,2.0,1.06,0.025,7.44,510050
2023-06-09,2.376,2.381,2.387,2.371,6736898,1719696984.0,0.67,0.34,0.008,8.26,510050
2023-06-12,2.38,2.381,2.394,2.362,6983175,1781936831.0,1.34,0.0,0.0,8.57,510050
2023-06-13,2.377,2.39,2.393,2.367,3495467,893465577.0,1.09,0.38,0.009,4.29,510050
2023-06-14,2.391,2.389,2.412,2.388,6419380,1652532797.0,1.0,-0.04,-0.001,7.87,510050
2023-06-15,2.396,2.428,2.429,2.395,4757356,1229740765.0,1.42,1.63,0.039,5.84,510050
2023-06-16,2.43,2.451,2.457,2.429,5528363,1447020615.0,1.15,0.95,0.023,6.78,510050
2023-06-19,2.448,2.419,2.448,2.415,3904649,1015451698.0,1.35,-1.31,-0.032,4.79,510050
2023-06-20,2.415,2.407,2.424,2.402,3313576,856964368.0,0.91,-0.5,-0.012,4.06,510050
2023-06-21,2.401,2.38,2.41,2.378,5095436,1309329693.0,1.33,-1.12,-0.027,6.25,510050
2023-06-26,2.366,2.352,2.367,2.345,8211922,2074965471.0,0.92,-1.18,-0.028,10.07,510050
2023-06-27,2.352,2.367,2.374,2.343,6029772,1527392528.0,1.32,0.64,0.015,7.4,510050
2023-06-28,2.361,2.376,2.377,2.353,7991543,2029496264.0,1.01,0.38,0.009,9.8,510050
2023-06-29,2.372,2.361,2.378,2.355,3358439,851871371.0,0.97,-0.63,-0.015,4.12,510050
2023-06-30,2.36,2.368,2.383,2.355,4238520,1078814230.0,1.19,0.3,0.007,5.2,510050
2023-07-03,2.374,2.406,2.41,2.371,5354347,1376150007.0,1.65,1.6,0.038,6.57,510050
2023-07-04,2.406,2.41,2.411,2.399,2348901,605857801.0,0.5,0.17,0.004,2.88,510050
2023-07-05,2.406,2.395,2.412,2.39,2908181,747943209.0,0.91,-0.62,-0.015,3.57,510050
2023-07-06,2.388,2.376,2.401,2.371,2755416,704464042.0,1.25,-0.79,-0.019,3.38,510050
2023-07-07,2.37,2.365,2.375,2.358,3569697,907380335.0,0.72,-0.46,-0.011,4.38,510050
2023-07-10,2.377,2.378,2.397,2.37,3498717,894634214.0,1.14,0.55,0.013,4.29,510050
2023-07-11,2.389,2.395,2.399,2.381,3773715,967983815.0,0.76,0.71,0.017,4.63,510050
2023-07-12,2.398,2.394,2.408,2.388,3521039,906042000.0,0.84,-0.04,-0.001,4.32,510050
2023-07-13,2.408,2.435,2.435,2.406,5388172,1401149207.0,1.21,1.71,0.041,6.61,510050
2023-07-14,2.44,2.435,2.444,2.43,3647546,952326649.0,0.57,0.0,0.0,4.47,510050
2023-07-17,2.429,2.41,2.429,2.401,5906522,1525315630.0,1.15,-1.03,-0.025,7.24,510050
2023-07-18,2.413,2.407,2.417,2.398,2838368,732573969.0,0.79,-0.12,-0.003,3.48,510050
2023-07-19,2.401,2.416,2.417,2.4,3540793,914391296.0,0.71,0.37,0.009,4.34,510050
2023-07-20,2.419,2.402,2.435,2.399,4706573,1220356105.0,1.49,-0.58,-0.014,5.77,510050
2023-07-21,2.404,2.412,2.427,2.396,7338594,1896642870.0,1.29,0.42,0.01,9.0,510050
2023-07-24,2.394,2.399,2.41,2.389,3874085,996493758.0,0.87,-0.54,-0.013,4.75,510050
2023-07-25,2.435,2.481,2.481,2.435,15317271,4037185385.0,1.92,3.42,0.082,18.79,510050
2023-07-26,2.476,2.478,2.482,2.468,4870458,1290286883.0,0.56,-0.12,-0.003,5.97,510050
2023-07-27,2.482,2.479,2.497,2.468,7878832,2096215664.0,1.17,0.04,0.001,9.66,510050
2023-07-28,2.463,2.553,2.562,2.463,11175666,3017759648.0,3.99,2.99,0.074,13.71,510050
2023-07-31,2.572,2.557,2.609,2.549,9765852,2682260909.0,2.35,0.16,0.004,11.98,510050
2023-08-01,2.553,2.549,2.576,2.542,7118587,1941419104.0,1.33,-0.31,-0.008,8.73,510050
2023-08-02,2.544,2.524,2.557,2.516,8588072,2322574930.0,1.61,-0.98,-0.025,10.53,510050
2023-08-03,2.522,2.549,2.551,2.516,8015844,2171835205.0,1.39,0.99,0.025,9.83,510050
2023-08-04,2.574,2.551,2.59,2.549,9632960,2641123332.0,1.61,0.08,0.002,11.82,510050
2023-08-07,2.537,2.54,2.543,2.527,9506790,2574777677.0,0.63,-0.43,-0.011,11.66,510050
2023-08-08,2.531,2.535,2.552,2.516,8158148,2207884579.0,1.42,-0.2,-0.005,10.01,510050
2023-08-09,2.526,2.535,2.544,2.524,9569187,2592590685.0,0.79,0.0,0.0,11.74,510050
2023-08-10,2.53,2.532,2.538,2.512,6707250,1812057033.0,1.03,-0.12,-0.003,8.23,510050
2023-08-11,2.532,2.468,2.534,2.466,13165393,3507923505.0,2.69,-2.53,-0.064,16.15,510050
2023-08-14,2.441,2.448,2.454,2.427,7019116,1837370077.0,1.09,-0.81,-0.02,8.61,510050
2023-08-15,2.446,2.449,2.458,2.423,7496054,1962151230.0,1.43,0.04,0.001,9.19,510050
2023-08-16,2.434,2.43,2.452,2.429,6914164,1805684038.0,0.94,-0.78,-0.019,8.48,510050
2023-08-17,2.42,2.436,2.444,2.409,8036682,2087042289.0,1.44,0.25,0.006,9.86,510050
2023-08-18,2.436,2.406,2.447,2.405,10098946,2623677440.0,1.72,-1.23,-0.03,12.39,510050
2023-08-21,2.403,2.373,2.41,2.373,7743154,1985151542.0,1.54,-1.37,-0.033,9.5,510050
2023-08-22,2.381,2.393,2.405,2.362,9507972,2431593268.0,1.81,0.84,0.02,11.66,510050
2023-08-23,2.385,2.361,2.395,2.355,9881186,2519512005.0,1.67,-1.34,-0.032,12.12,510050
2023-08-24,2.365,2.379,2.398,2.364,6658206,1699966454.0,1.44,0.76,0.018,8.17,510050
2023-08-25,2.371,2.389,2.406,2.368,7899690,2021090765.0,1.6,0.42,0.01,9.69,510050
2023-08-28,2.532,2.422,2.536,2.409,18693566,4923733757.0,5.32,1.38,0.033,22.93,510050
2023-08-29,2.416,2.432,2.452,2.413,10784132,2810876625.0,1.61,0.41,0.01,13.23,510050
2023-08-30,2.436,2.425,2.443,2.421,6663610,1735331968.0,0.9,-0.29,-0.007,8.17,510050
2023-08-31,2.426,2.416,2.435,2.408,5513696,1430002814.0,1.11,-0.37,-0.009,6.76,510050
2023-09-01,2.427,2.436,2.45,2.426,8072719,2106628526.0,0.99,0.83,0.02,9.9,510050
2023-09-04,2.459,2.484,2.488,2.45,9662526,2556384713.0,1.56,1.97,0.048,11.85,510050
2023-09-05,2.475,2.467,2.476,2.462,4896198,1293288080.0,0.56,-0.68,-0.017,6.01,510050
2023-09-06,2.457,2.463,2.468,2.449,4522422,1190218237.0,0.77,-0.16,-0.004,5.55,510050
2023-09-07,2.457,2.437,2.459,2.432,4488510,1175420984.0,1.1,-1.06,-0.026,5.51,510050
2023-09-08,2.429,2.422,2.435,2.415,5168458,1342113803.0,0.82,-0.62,-0.015,6.34,510050
2023-09-11,2.422,2.439,2.455,2.42,4845495,1265626827.0,1.45,0.7,0.017,5.94,510050
2023-09-12,2.436,2.435,2.441,2.43,3086228,805115303.0,0.45,-0.16,-0.004,3.79,510050
2023-09-13,2.434,2.427,2.446,2.41,6615026,1720177577.0,1.48,-0.33,-0.008,8.11,510050
2023-09-14,2.43,2.434,2.443,2.42,5656313,1473698703.0,0.95,0.29,0.007,6.94,510050
2023-09-15,2.441,2.422,2.451,2.412,11259270,2932957293.0,1.6,-0.49,-0.012,13.81,510050
2023-09-18,2.417,2.436,2.437,2.406,5115627,1330766802.0,1.28,0.58,0.014,6.27,510050
2023-09-19,2.434,2.435,2.439,2.42,4086633,1064346244.0,0.78,-0.04,-0.001,5.01,510050
2023-09-20,2.432,2.423,2.434,2.422,5407676,1406574268.0,0.49,-0.49,-0.012,6.63,510050
2023-09-21,2.416,2.398,2.425,2.397,6361265,1641438850.0,1.16,-1.03,-0.025,7.8,510050
2023-09-22,2.396,2.46,2.461,2.392,12486141,3260070800.0,2.88,2.59,0.062,15.32,510050
2023-09-25,2.453,2.435,2.454,2.431,6306563,1647727015.0,0.93,-1.02,-0.025,7.74,510050
2023-09-26,2.433,2.418,2.439,2.416,5389943,1400038830.0,0.94,-0.7,-0.017,6.61,510050
2023-09-27,2.417,2.43,2.442,2.417,7877179,2048604830.0,1.03,0.5,0.012,9.66,510050
2023-09-28,2.435,2.409,2.438,2.406,9018754,2336548889.0,1.32,-0.86,-0.021,11.06,510050
2023-10-09,2.404,2.401,2.407,2.377,7094741,1822548048.0,1.25,-0.33,-0.008,8.7,510050
2023-10-10,2.411,2.385,2.421,2.383,6393301,1646034145.0,1.58,-0.67,-0.016,7.84,510050
2023-10-11,2.399,2.393,2.406,2.388,4995536,1284088580.0,0.75,0.34,0.008,6.13,510050
2023-10-12,2.418,2.417,2.429,2.406,6471168,1675887135.0,0.96,1.0,0.024,7.94,510050
2023-10-13,2.399,2.392,2.401,2.386,6273821,1610513092.0,0.62,-1.03,-0.025,7.7,510050
2023-10-16,2.394,2.369,2.396,2.362,5455743,1390957031.0,1.42,-0.96,-0.023,6.69,510050
2023-10-17,2.374,2.379,2.382,2.364,5123652,1305836338.0,0.76,0.42,0.01,6.28,510050
2023-10-18,2.376,2.369,2.382,2.365,6448572,1641461767.0,0.71,-0.42,-0.01,7.91,510050
2023-10-19,2.356,2.3,2.356,2.297,15488621,3862174966.0,2.49,-2.91,-0.069,19.0,510050
2023-10-20,2.29,2.286,2.3,2.277,9673340,2383220681.0,1.0,-0.61,-0.014,11.86,510050
2023-10-23,2.281,2.267,2.288,2.247,11724096,2861862694.0,1.79,-0.83,-0.019,14.38,510050
2023-10-24,2.273,2.275,2.282,2.253,8044666,1966471085.0,1.28,0.35,0.008,9.87,510050
2023-10-25,2.301,2.287,2.312,2.283,11670341,2881007828.0,1.27,0.53,0.012,14.31,510050
2023-10-26,2.278,2.296,2.299,2.276,5877751,1446754655.0,1.01,0.39,0.009,7.21,510050
2023-10-27,2.289,2.32,2.33,2.283,6742575,1672977375.0,2.05,1.05,0.024,8.27,510050
2023-10-30,2.311,2.318,2.325,2.306,5615286,1397838429.0,0.82,-0.09,-0.002,6.89,510050
2023-10-31,2.313,2.314,2.318,2.302,6983907,1734504656.0,0.69,-0.17,-0.004,8.57,510050
2023-11-01,2.354,2.323,2.356,2.317,10050692,2515490923.0,1.69,0.39,0.009,12.33,510050
2023-11-02,2.329,2.319,2.343,2.318,4396058,1100881287.0,1.08,-0.17,-0.004,5.39,510050
2023-11-03,2.323,2.339,2.346,2.321,4454147,1117568062.0,1.08,0.86,0.02,5.46,510050
2023-11-06,2.354,2.359,2.364,2.347,5701929,1442477640.0,0.73,0.86,0.02,6.99,510050
2023-11-07,2.354,2.348,2.355,2.34,5112930,1289007419.0,0.64,-0.47,-0.011,6.27,510050
2023-11-08,2.341,2.34,2.353,2.327,4980410,1252143620.0,1.11,-0.34,-0.008,6.11,510050
2023-11-09,2.333,2.34,2.348,2.331,5394368,1355518432.0,0.73,0.0,0.0,6.62,510050
2023-11-10,2.331,2.316,2.333,2.311,5938621,1479753993.0,0.94,-1.03,-0.024,7.28,510050
2023-11-13,2.32,2.31,2.323,2.297,4960145,1230909580.0,1.12,-0.26,-0.006,6.08,510050
2023-11-14,2.314,2.308,2.322,2.298,5508289,1367791629.0,1.04,-0.09,-0.002,6.76,510050
2023-11-15,2.326,2.329,2.335,2.32,7149495,1788279955.0,0.65,0.91,0.021,8.77,510050
2023-11-16,2.327,2.304,2.327,2.302,7976905,1981040526.0,1.07,-1.07,-0.025,9.78,510050
2023-11-17,2.299,2.3,2.304,2.279,28054255,6923473035.0,1.09,-0.17,-0.004,34.41,510050
2023-11-20,2.298,2.306,2.315,2.284,7063421,1749220517.0,1.35,0.26,0.006,8.66,510050
2023-11-21,2.313,2.318,2.335,2.311,8004787,1998848048.0,1.04,0.52,0.012,9.82,510050
2023-11-22,2.311,2.297,2.316,2.296,6009052,1489593402.0,0.86,-0.91,-0.021,7.37,510050
2023-11-23,2.296,2.306,2.31,2.286,5408029,1335877055.0,1.04,0.39,0.009,6.63,510050
2023-11-24,2.301,2.293,2.304,2.289,6429471,1588186082.0,0.65,-0.56,-0.013,7.89,510050
2023-11-27,2.291,2.272,2.292,2.256,6475224,1555543986.0,1.57,-0.92,-0.021,7.94,510050
2023-11-28,2.268,2.271,2.274,2.26,5105589,1226821308.0,0.62,-0.04,-0.001,6.26,510050
2023-11-29,2.272,2.26,2.276,2.249,14102669,3375092287.0,1.19,-0.48,-0.011,17.3,510050
2023-11-30,2.258,2.266,2.271,2.255,5498243,1318575392.0,0.71,0.27,0.006,6.74,510050
2023-12-01,2.265,2.25,2.265,2.231,16372300,3903011780.0,1.5,-0.71,-0.016,20.08,510050
2023-12-04,2.253,2.232,2.253,2.231,6021258,1430200569.0,0.98,-0.8,-0.018,7.39,510050
2023-12-05,2.227,2.184,2.228,2.182,9668267,2262667406.0,2.06,-2.15,-0.048,11.86,510050
2023-12-06,2.18,2.182,2.197,2.171,7242915,1679044884.0,1.19,-0.09,-0.002,8.88,510050
2023-12-07,2.178,2.172,2.182,2.157,8458436,1948908721.0,1.15,-0.46,-0.01,10.37,510050
2023-12-08,2.173,2.179,2.188,2.168,5784336,1338105415.0,0.92,0.32,0.007,7.09,510050
2023-12-11,2.165,2.189,2.199,2.142,13889477,3206687526.0,2.62,0.46,0.01,17.04,510050
2023-12-12,2.183,2.202,2.205,2.179,12710683,2963779376.0,1.19,0.59,0.013,15.59,510050
2023-12-13,2.195,2.156,2.196,2.155,9165594,2113160238.0,1.86,-2.09,-0.046,11.24,510050
2023-12-14,2.169,2.145,2.177,2.143,7997255,1833907775.0,1.58,-0.51,-0.011,9.81,510050
2023-12-15,2.156,2.146,2.18,2.139,11945294,2736672740.0,1.91,0.05,0.001,14.65,510050
2023-12-18,2.135,2.148,2.157,2.123,7464831,1702216585.0,1.58,0.09,0.002,9.16,510050
2023-12-19,2.145,2.151,2.162,2.135,7834450,1788840281.0,1.26,0.14,0.003,9.61,510050
2023-12-20,2.156,2.138,2.16,2.136,7118853,1626615463.0,1.12,-0.6,-0.013,8.73,510050
2023-12-21,2.128,2.164,2.17,2.128,14034940,3216135684.0,1.96,1.22,0.026,17.21,510050
2023-12-22,2.162,2.172,2.186,2.152,17711173,4082702833.0,1.57,0.37,0.008,21.72,510050
2023-12-25,2.171,2.173,2.179,2.165,8254433,1904272372.0,0.64,0.05,0.001,10.12,510050
2023-12-26,2.173,2.164,2.174,2.156,10013610,2300801401.0,0.83,-0.41,-0.009,12.28,510050
2023-12-27,2.164,2.167,2.173,2.15,11402150,2619377617.0,1.06,0.14,0.003,13.99,510050
2023-12-28,2.165,2.219,2.225,2.163,13067198,3053581232.0,2.86,2.4,0.052,16.03,510050
2023-12-29,2.215,2.22,2.23,2.21,9174642,2160909818.0,0.9,0.05,0.001,11.25,510050
2024-01-02,2.221,2.192,2.221,2.191,7873101,1838299287.0,1.35,-1.26,-0.028,9.66,510050
2024-01-03,2.189,2.197,2.201,2.185,6276761,1461195301.0,0.73,0.23,0.005,7.7,510050
2024-01-04,2.196,2.179,2.197,2.16,9061636,2093817070.0,1.68,-0.82,-0.018,11.11,510050
2024-01-05,2.173,2.168,2.197,2.155,10194159,2356530474.0,1.93,-0.5,-0.011,12.5,510050
2024-01-08,2.165,2.143,2.174,2.139,8887650,2030449583.0,1.61,-1.15,-0.025,10.9,510050
2024-01-09,2.146,2.145,2.151,2.134,8539230,1945903904.0,0.79,0.09,0.002,10.47,510050
2024-01-10,2.14,2.135,2.158,2.131,8002375,1821165952.0,1.26,-0.47,-0.01,9.82,510050
2024-01-11,2.134,2.14,2.152,2.126,7518734,1709975191.0,1.22,0.23,0.005,9.22,510050
2024-01-12,2.133,2.137,2.152,2.129,5938060,1351633457.0,1.07,-0.14,-0.003,7.28,510050
2024-01-15,2.128,2.137,2.158,2.125,5665875,1288485025.0,1.54,0.0,0.0,6.95,510050
2024-01-16,2.133,2.149,2.15,2.122,11365268,2581364386.0,1.31,0.56,0.012,13.94,510050
2024-01-17,2.14,2.099,2.142,2.097,12722519,2867308876.0,2.09,-2.33,-0.05,15.6,510050
2024-01-18,2.09,2.139,2.143,2.061,48256572,10801614249.0,3.91,1.91,0.04,59.19,510050
2024-01-19,2.124,2.147,2.152,2.115,37844813,8604240707.0,1.73,0.37,0.008,46.42,510050
2024-01-22,2.139,2.126,2.157,2.103,28731502,6539373939.0,2.52,-0.98,-0.021,35.24,510050
2024-01-23,2.12,2.123,2.139,2.101,14307000,3226612717.0,1.79,-0.14,-0.003,17.55,510050
2024-01-24,2.134,2.16,2.165,2.109,16299793,3704587204.0,2.64,1.74,0.037,19.99,510050
2024-01-25,2.161,2.212,2.217,2.156,15457903,3594294797.0,2.82,2.41,0.052,18.96,510050
2024-01-26,2.205,2.215,2.224,2.197,24310874,5710766401.0,1.22,0.14,0.003,29.82,510050
2024-01-29,2.215,2.207,2.228,2.204,11633523,2734417310.0,1.08,-0.36,-0.008,14.27,510050
2024-01-30,2.195,2.171,2.203,2.169,12781779,2966181024.0,1.54,-1.63,-0.036,15.68,510050
2024-01-31,2.163,2.157,2.174,2.141,19494492,4477275386.0,1.52,-0.64,-0.014,23.91,510050
2024-02-01,2.146,2.148,2.17,2.138,20151254,4613678834.0,1.48,-0.42,-0.009,24.72,510050
2024-02-02,2.149,2.133,2.164,2.078,21091627,4791054424.0,4.0,-0.7,-0.015,25.87,510050
2024-02-05,2.118,2.154,2.168,2.099,16359863,3717343796.0,3.23,0.98,0.021,20.07,510050
2024-02-06,2.146,2.216,2.224,2.144,23857265,5559702141.0,3.71,2.88,0.062,29.26,510050
2024-02-07,2.22,2.245,2.246,2.203,29994877,7075158357.0,1.94,1.31,0.029,36.79,510050
2024-02-08,2.254,2.25,2.26,2.231,32903829,7825611542.0,1.29,0.22,0.005,40.36,510050
2024-02-19,2.263,2.268,2.269,2.247,17493531,4186607629.0,0.98,0.8,0.018,21.46,510050
2024-02-20,2.264,2.267,2.271,2.252,9881649,2369139817.0,0.84,-0.04,-0.001,12.12,510050
2024-02-21,2.26,2.309,2.34,2.256,19576886,4775414859.0,3.71,1.85,0.042,24.01,510050
2024-02-22,2.305,2.331,2.334,2.303,8735502,2145403464.0,1.34,0.95,0.022,10.71,510050
2024-02-23,2.331,2.332,2.348,2.324,10611448,2619541868.0,1.03,0.04,0.001,13.02,510050
2024-02-26,2.329,2.291,2.33,2.286,19025108,4640194462.0,1.89,-1.76,-0.041,23.34,510050
2024-02-27,2.283,2.303,2.304,2.281,12488100,3029288516.0,1.0,0.52,0.012,15.32,510050
2024-02-28,2.303,2.289,2.319,2.287,17928480,4368541732.0,1.39,-0.61,-0.014,21.99,510050
2024-02-29,2.282,2.309,2.313,2.282,12861036,3131930462.0,1.35,0.87,0.02,15.77,510050
2024-03-01,2.305,2.313,2.321,2.296,11914239,2912366449.0,1.08,0.17,0.004,14.61,510050
2024-03-04,2.309,2.316,2.323,2.303,12735646,3118727719.0,0.86,0.13,0.003,15.62,510050
2024-03-05,2.307,2.346,2.352,2.304,24326536,6003144952.0,2.07,1.3,0.03,29.84,510050
2024-03-06,2.343,2.333,2.35,2.332,15001291,3712948524.0,0.77,-0.55,-0.013,18.4,510050
2024-03-07,2.331,2.325,2.346,2.316,9681971,2386691729.0,1.29,-0.34,-0.008,11.88,510050
2024-03-08,2.325,2.325,2.334,2.308,8131796,1997938711.0,1.12,0.0,0.0,9.97,510050
2024-03-11,2.325,2.344,2.345,2.316,10377410,2558986707.0,1.25,0.82,0.019,12.73,510050
2024-03-12,2.344,2.35,2.359,2.337,16067259,3990464004.0,0.94,0.26,0.006,19.71,510050
2024-03-13,2.346,2.33,2.347,2.318,10131920,2495595260.0,1.23,-0.85,-0.02,12.43,510050
2024-03-14,2.329,2.324,2.346,2.314,8526481,2101941459.0,1.37,-0.26,-0.006,10.46,510050
2024-03-15,2.316,2.326,2.331,2.307,10234260,2509045972.0,1.03,0.09,0.002,12.55,510050
2024-03-18,2.324,2.336,2.34,2.319,8959254,2207872991.0,0.9,0.43,0.01,10.99,510050
2024-03-19,2.331,2.319,2.341,2.314,9932093,2442316117.0,1.16,-0.73,-0.017,12.18,510050
2024-03-20,2.312,2.325,2.332,2.307,8084708,1986075707.0,1.08,0.26,0.006,9.92,510050
2024-03-21,2.33,2.325,2.342,2.324,6084785,1501322389.0,0.77,0.0,0.0,7.46,510050
2024-03-22,2.32,2.303,2.322,2.285,14666309,3569943425.0,1.59,-0.95,-0.022,17.99,510050
2024-03-25,2.298,2.302,2.318,2.293,7060301,1723222112.0,1.09,-0.04,-0.001,8.66,510050
2024-03-26,2.304,2.311,2.315,2.298,7279260,1777001087.0,0.74,0.39,0.009,8.93,510050
2024-03-27,2.306,2.298,2.321,2.297,8445248,2062872250.0,1.04,-0.56,-0.013,10.36,510050
2024-03-28,2.296,2.303,2.324,2.285,11681462,2848278618.0,1.7,0.22,0.005,14.33,510050
2024-03-29,2.3,2.314,2.318,2.299,6343347,1550757553.0,0.83,0.48,0.011,7.78,510050
2024-04-01,2.32,2.34,2.35,2.32,9645423,2387593224.0,1.3,1.12,0.026,11.83,510050
2024-04-02,2.341,2.336,2.346,2.328,6630532,1638175015.0,0.77,-0.17,-0.004,8.13,510050
2024-04-03,2.337,2.328,2.339,2.322,5966107,1470757959.0,0.73,-0.34,-0.008,7.32,510050
2024-04-08,2.321,2.315,2.33,2.305,9452898,2318565441.0,1.07,-0.56,-0.013,11.59,510050
2024-04-09,2.314,2.302,2.318,2.298,6621908,1615618068.0,0.86,-0.56,-0.013,8.12,510050
2024-04-10,2.304,2.296,2.31,2.286,8470106,2061198197.0,1.04,-0.26,-0.006,10.39,510050
2024-04-11,2.288,2.294,2.302,2.277,6501972,1577499388.0,1.09,-0.09,-0.002,7.98,510050
2024-04-12,2.293,2.273,2.299,2.266,7555349,1825001902.0,1.44,-0.92,-0.021,9.27,510050
2024-04-15,2.271,2.323,2.325,2.27,14488230,3542177674.0,2.42,2.2,0.05,17.77,510050
2024-04-16,2.318,2.313,2.329,2.295,10738001,2631564003.0,1.46,-0.43,-0.01,13.17,510050
2024-04-17,2.309,2.338,2.34,2.296,10021600,2458853411.0,1.9,1.08,0.025,12.29,510050
2024-04-18,2.331,2.345,2.369,2.329,11747951,2919442062.0,1.71,0.3,0.007,14.41,510050
2024-04-19,2.335,2.329,2.345,2.322,8419503,2077412676.0,0.98,-0.68,-0.016,10.33,510050
2024-04-22,2.33,2.325,2.351,2.321,8092445,1999412924.0,1.29,-0.17,-0.004,9.93,510050
2024-04-23,2.322,2.312,2.327,2.31,5461993,1338976271.0,0.73,-0.56,-0.013,6.7,510050
2024-04-24,2.319,2.322,2.327,2.305,6679206,1637772280.0,0.95,0.43,0.01,8.19,510050
2024-04-25,2.318,2.331,2.337,2.31,5467004,1344262738.0,1.16,0.39,0.009,6.71,510050
2024-04-26,2.333,2.361,2.369,2.333,10252533,2552948611.0,1.54,1.29,0.03,12.58,510050
2024-04-29,2.359,2.376,2.395,2.354,12745864,3201015604.0,1.74,0.64,0.015,15.63,510050
2024-04-30,2.373,2.365,2.384,2.363,6102266,1530682323.0,0.88,-0.46,-0.011,7.48,510050
2024-05-06,2.393,2.395,2.406,2.385,10292529,2603957589.0,0.89,1.27,0.03,12.62,510050
2024-05-07,2.394,2.4,2.403,2.389,5575827,1412239015.0,0.58,0.21,0.005,6.84,510050
2024-05-08,2.396,2.385,2.397,2.383,5025894,1268695299.0,0.58,-0.63,-0.015,6.16,510050
2024-05-09,2.384,2.401,2.406,2.384,4806423,1217520491.0,0.92,0.67,0.016,5.9,510050
2024-05-10,2.407,2.408,2.415,2.39,9575303,2429604704.0,1.04,0.29,0.007,11.74,510050
2024-05-13,2.4,2.405,2.412,2.385,8365878,2120015264.0,1.12,-0.12,-0.003,10.26,510050
2024-05-14,2.404,2.396,2.409,2.39,5615916,1421424551.0,0.79,-0.37,-0.009,6.89,510050
2024-05-15,2.394,2.378,2.4,2.373,6855137,1725564825.0,1.13,-0.75,-0.018,8.41,510050
2024-05-16,2.382,2.388,2.397,2.374,7740598,1952385454.0,0.97,0.42,0.01,9.49,510050
2024-05-17,2.388,2.426,2.428,2.386,9433886,2393025520.0,1.76,1.59,0.038,11.57,510050
2024-05-20,2.427,2.432,2.445,2.422,6527969,1677191415.0,0.95,0.25,0.006,8.01,510050
2024-05-21,2.427,2.427,2.431,2.416,4955627,1268200231.0,0.62,-0.21,-0.005,6.08,510050
2024-05-22,2.423,2.428,2.434,2.419,5769511,1478840139.0,0.62,0.04,0.001,7.08,510050
2024-05-23,2.42,2.402,2.422,2.395,10148166,2577202045.0,1.11,-1.07,-0.026,12.45,510050
2024-05-24,2.394,2.373,2.404,2.371,9265578,2338037357.0,1.37,-1.21,-0.029,11.36,510050
2024-05-27,2.377,2.396,2.398,2.377,8532848,2153491606.0,0.88,0.97,0.023,10.47,510050
2024-05-28,2.396,2.389,2.404,2.385,4946235,1251433919.0,0.79,-0.29,-0.007,6.07,510050
2024-05-29,2.387,2.39,2.41,2.386,5478518,1387191251.0,1.0,0.04,0.001,6.72,510050
2024-05-30,2.387,2.373,2.4,2.367,6922247,1740791885.0,1.38,-0.71,-0.017,8.49,510050
2024-05-31,2.377,2.364,2.387,2.362,5260071,1319365549.0,1.05,-0.38,-0.009,6.45,510050
2024-06-03,2.361,2.367,2.374,2.353,6104775,1525472189.0,0.89,0.13,0.003,7.49,510050
2024-06-04,2.365,2.381,2.388,2.362,6874873,1726177373.0,1.1,0.59,0.014,8.43,510050
2024-06-05,2.38,2.37,2.384,2.369,6055816,1520838398.0,0.63,-0.46,-0.011,7.43,510050
2024-06-06,2.375,2.371,2.393,2.363,7178145,1803766881.0,1.27,0.04,0.001,8.8,510050
2024-06-07,2.377,2.36,2.381,2.348,7205760,1799425178.0,1.39,-0.46,-0.011,8.84,510050
2024-06-11,2.353,2.33,2.355,2.321,9922437,2449930587.0,1.44,-1.27,-0.03,12.17,510050
2024-06-12,2.326,2.327,2.332,2.318,6958130,1711513594.0,0.6,-0.13,-0.003,8.53,510050
2024-06-13,2.331,2.317,2.331,2.31,7129564,1749727333.0,0.9,-0.43,-0.01,8.74,510050
2024-06-14,2.313,2.334,2.339,2.306,8970682,2204621247.0,1.42,0.73,0.017,11.0,510050
2024-06-17,2.318,2.319,2.326,2.315,9911370,2433455971.0,0.47,-0.64,-0.015,12.16,510050
2024-06-18,2.318,2.319,2.33,2.313,6218496,1526849003.0,0.73,0.0,0.0,7.63,510050
2024-06-19,2.32,2.323,2.327,2.313,5918251,1453691654.0,0.6,0.17,0.004,7.26,510050
2024-06-20,2.32,2.316,2.331,2.313,7609007,1868123726.0,0.77,-0.3,-0.007,9.33,510050
2024-06-21,2.314,2.311,2.32,2.293,16365973,3995896590.0,1.17,-0.22,-0.005,20.07,510050
2024-06-24,2.295,2.311,2.327,2.292,12784610,3122801047.0,1.51,0.0,0.0,15.68,510050
2024-06-25,2.311,2.302,2.317,2.289,10331747,2520755096.0,1.21,-0.39,-0.009,12.67,510050
2024-06-26,2.297,2.306,2.313,2.291,8626790,2101358607.0,0.96,0.17,0.004,10.58,510050
2024-06-27,2.301,2.299,2.304,2.286,9311183,2263826818.0,0.78,-0.3,-0.007,11.42,510050
2024-06-28,2.293,2.306,2.318,2.291,7429559,1814786783.0,1.17,0.3,0.007,9.11,510050
2024-07-01,2.305,2.315,2.32,2.297,6621932,1617680106.0,1.0,0.39,0.009,8.12,510050
2024-07-02,2.312,2.327,2.333,2.311,9290694,2286800998.0,0.95,0.52,0.012,11.4,510050
2024-07-03,2.328,2.327,2.331,2.318,3773520,928360508.0,0.56,0.0,0.0,4.63,510050
2024-07-04,2.329,2.319,2.34,2.318,6321292,1556480556.0,0.95,-0.34,-0.008,7.75,510050
2024-07-05,2.319,2.299,2.324,2.278,11938359,2901136104.0,1.98,-0.86,-0.02,14.64,510050
2024-07-08,2.291,2.287,2.302,2.281,6944250,1684210852.0,0.91,-0.52,-0.012,8.52,510050
2024-07-09,2.286,2.309,2.318,2.27,10059165,2448496420.0,2.1,0.96,0.022,12.34,510050
2024-07-10,2.305,2.305,2.316,2.303,5067294,1238683767.0,0.56,-0.17,-0.004,6.22,510050
2024-07-11,2.318,2.331,2.334,2.31,6476890,1592910989.0,1.04,1.13,0.026,7.94,510050
2024-07-12,2.333,2.346,2.349,2.332,10995092,2725852700.0,0.73,0.64,0.015,13.49,510050
2024-07-15,2.343,2.356,2.359,2.34,11447504,2849936851.0,0.81,0.43,0.01,14.04,510050
2024-07-16,2.354,2.365,2.369,2.346,12088254,3012994756.0,0.98,0.38,0.009,14.83,510050
2024-07-17,2.363,2.375,2.382,2.361,11333481,2841428538.0,0.89,0.42,0.01,13.9,510050
2024-07-18,2.37,2.387,2.391,2.364,13175566,3310701450.0,1.14,0.51,0.012,16.16,510050
2024-07-19,2.38,2.404,2.413,2.366,29955500,7583547723.0,1.97,0.71,0.017,36.74,510050
2024-07-22,2.402,2.38,2.403,2.364,10696968,2688982308.0,1.62,-1.0,-0.024,13.12,510050
2024-07-23,2.374,2.348,2.381,2.344,7002163,1747985093.0,1.55,-1.34,-0.032,8.59,510050
2024-07-24,2.341,2.339,2.354,2.328,9856988,2439409112.0,1.11,-0.38,-0.009,12.09,510050
2024-07-25,2.33,2.315,2.336,2.303,13277874,3255110632.0,1.41,-1.03,-0.024,16.29,510050
2024-07-26,2.316,2.309,2.32,2.294,13986516,3412317353.0,1.12,-0.26,-0.006,17.16,510050
2024-07-29,2.306,2.3,2.311,2.296,5652227,1378369379.0,0.65,-0.39,-0.009,6.93,510050
2024-07-30,2.295,2.287,2.297,2.273,15775588,3817954955.0,1.04,-0.57,-0.013,19.35,510050
2024-07-31,2.286,2.328,2.332,2.285,10156080,2485013315.0,2.06,1.79,0.041,12.46,510050
2024-08-01,2.325,2.313,2.33,2.31,6009496,1474349712.0,0.86,-0.64,-0.015,7.37,510050
2024-08-02,2.302,2.298,2.312,2.29,9324298,2269291723.0,0.95,-0.65,-0.015,11.44,510050
2024-08-05,2.29,2.282,2.316,2.278,22994509,5580889063.0,1.65,-0.7,-0.016,28.2,510050
2024-08-06,2.292,2.266,2.3,2.245,13266939,3184782813.0,2.41,-0.7,-0.016,16.27,510050
2024-08-07,2.261,2.264,2.28,2.258,7888451,1897094333.0,0.97,-0.09,-0.002,9.68,510050
2024-08-08,2.263,2.271,2.286,2.256,5420832,1304227402.0,1.33,0.31,0.007,6.65,510050
2024-08-09,2.282,2.268,2.29,2.267,7108425,1714657556.0,1.01,-0.13,-0.003,8.72,510050
2024-08-12,2.268,2.269,2.276,2.263,3785181,909934152.0,0.57,0.04,0.001,4.64,510050
2024-08-13,2.268,2.268,2.272,2.255,4829871,1158542404.0,0.75,-0.04,-0.001,5.92,510050
2024-08-14,2.269,2.255,2.269,2.254,5535233,1325266891.0,0.66,-0.57,-0.013,6.79,510050
2024-08-15,2.251,2.287,2.297,2.247,11877681,2871335967.0,2.22,1.42,0.032,14.57,510050
2024-08-16,2.286,2.299,2.303,2.282,12210098,2969005525.0,0.92,0.52,0.012,14.98,510050
2024-08-19,2.299,2.31,2.323,2.299,4569783,1118738686.0,1.04,0.48,0.011,5.61,510050
2024-08-20,2.314,2.303,2.314,2.291,10826380,2635439160.0,1.0,-0.3,-0.007,13.28,510050
2024-08-21,2.297,2.291,2.301,2.277,8675947,2106447259.0,1.04,-0.52,-0.012,10.64,510050
2024-08-22,2.293,2.295,2.299,2.284,9491853,2305467167.0,0.65,0.17,0.004,11.64,510050
2024-08-23,2.295,2.31,2.314,2.293,5248149,1280201017.0,0.92,0.65,0.015,6.44,510050
2024-08-26,2.312,2.307,2.318,2.296,4942720,1204738842.0,0.95,-0.13,-0.003,6.06,510050
2024-08-27,2.306,2.309,2.314,2.299,7653493,1870196685.0,0.65,0.09,0.002,9.39,510050
2024-08-28,2.305,2.292,2.308,2.282,10675309,2590692432.0,1.13,-0.74,-0.017,13.09,510050
2024-08-29,2.286,2.272,2.29,2.27,4836324,1166474497.0,0.87,-0.87,-0.02,5.93,510050
2024-08-30,2.267,2.294,2.312,2.266,10847342,2632743966.0,2.02,0.97,0.022,13.3,510050
2024-09-02,2.281,2.255,2.284,2.252,7392893,1774478044.0,1.39,-1.7,-0.039,9.07,510050
2024-09-03,2.254,2.244,2.257,2.24,9377083,2232479897.0,0.75,-0.49,-0.011,11.5,510050
2024-09-04,2.233,2.224,2.244,2.22,7137825,1687877679.0,1.07,-0.89,-0.02,8.75,510050
2024-09-05,2.225,2.227,2.236,2.22,6894338,1627092180.0,0.72,0.13,0.003,8.46,510050
2024-09-06,2.229,2.216,2.244,2.214,8562679,2024786340.0,1.35,-0.49,-0.011,10.5,510050
2024-09-09,2.208,2.185,2.211,2.177,10023801,2332017439.0,1.53,-1.4,-0.031,12.29,510050
2024-09-10,2.184,2.186,2.193,2.173,8205770,1902284704.0,0.92,0.05,0.001,10.06,510050
2024-09-11,2.181,2.172,2.183,2.165,9266640,2137845441.0,0.82,-0.64,-0.014,11.37,510050
2024-09-12,2.173,2.162,2.181,2.16,6991983,1610700920.0,0.97,-0.46,-0.01,8.58,510050
2024-09-13,2.162,2.157,2.177,2.156,7015425,1614763210.0,0.97,-0.23,-0.005,8.6,510050
2024-09-18,2.157,2.17,2.179,2.155,9862960,2271001146.0,1.11,0.6,0.013,12.1,510050
2024-09-19,2.173,2.184,2.195,2.15,10390874,2401231797.0,2.07,0.65,0.014,12.75,510050
2024-09-20,2.18,2.188,2.195,2.164,18929667,4382428683.0,1.42,0.18,0.004,23.22,510050
2024-09-23,2.186,2.195,2.208,2.184,6102424,1423995800.0,1.1,0.32,0.007,7.49,510050
2024-09-24,2.221,2.315,2.315,2.21,19945356,4767019076.0,4.78,5.47,0.12,24.46,510050
2024-09-25,2.35,2.345,2.389,2.339,16106077,4025351590.0,2.16,1.3,0.03,19.76,510050
2024-09-26,2.342,2.483,2.485,2.342,23766597,6062194855.0,6.1,5.88,0.138,29.15,510050
2024-09-27,2.526,2.589,2.683,2.473,15153691,4046810263.0,8.46,4.27,0.106,18.59,510050
2024-09-30,2.666,2.774,2.809,2.587,35718685,10146589827.0,8.57,7.15,0.185,43.81,510050
2024-10-08,3.065,2.843,3.065,2.774,37580843,11415209760.0,10.49,2.49,0.069,46.1,510050
2024-10-09,2.776,2.628,2.805,2.623,22327071,6363795056.0,6.4,-7.56,-0.215,27.39,510050
2024-10-10,2.651,2.717,2.785,2.644,22507431,6425501180.0,5.37,3.39,0.089,27.61,510050
2024-10-11,2.706,2.659,2.713,2.62,19952232,5592958724.0,3.42,-2.13,-0.058,24.47,510050
2024-10-14,2.67,2.692,2.71,2.643,18874594,5315177775.0,2.52,1.24,0.033,23.15,510050
2024-10-15,2.679,2.623,2.698,2.621,15630305,4369529347.0,2.86,-2.56,-0.069,19.17,510050
2024-10-16,2.604,2.619,2.648,2.598,11896819,3276690493.0,1.91,-0.15,-0.004,14.59,510050
2024-10-17,2.635,2.577,2.649,2.576,15459338,4235451493.0,2.79,-1.6,-0.042,18.96,510050
2024-10-18,2.58,2.66,2.727,2.555,20674267,5715393298.0,6.67,3.22,0.083,25.36,510050
2024-10-21,2.662,2.655,2.676,2.632,13690328,3819999477.0,1.65,-0.19,-0.005,16.79,510050
2024-10-22,2.654,2.666,2.682,2.647,12676923,3546348418.0,1.32,0.41,0.011,15.55,510050
2024-10-23,2.666,2.682,2.705,2.656,14522924,4089184202.0,1.84,0.6,0.016,17.81,510050
2024-10-24,2.669,2.654,2.674,2.642,10727306,2994282318.0,1.19,-1.04,-0.028,13.16,510050
2024-10-25,2.654,2.658,2.681,2.643,9443247,2639334799.0,1.43,0.15,0.004,11.58,510050
2024-10-28,2.657,2.66,2.661,2.629,8204625,2282518658.0,1.2,0.08,0.002,10.06,510050
2024-10-29,2.663,2.644,2.689,2.637,11055290,3088699839.0,1.95,-0.6,-0.016,13.56,510050
2024-10-30,2.634,2.608,2.649,2.596,10150427,2794248194.0,2.0,-1.36,-0.036,12.45,510050
2024-10-31,2.608,2.606,2.628,2.586,10689799,2930423765.0,1.61,-0.08,-0.002,13.11,510050
2024-11-01,2.6,2.627,2.648,2.6,13807559,3817604038.0,1.84,0.81,0.021,16.94,510050
2024-11-04,2.63,2.65,2.652,2.606,7106926,1964549168.0,1.75,0.88,0.023,8.72,510050
2024-11-05,2.643,2.706,2.707,2.633,15474295,4356399376.0,2.79,2.11,0.056,18.98,510050
2024-11-06,2.705,2.683,2.722,2.665,13287261,3757745277.0,2.11,-0.85,-0.023,16.3,510050
2024-11-07,2.662,2.79,2.793,2.661,19703699,5637320950.0,4.92,3.99,0.107,24.17,510050
2024-11-08,2.801,2.747,2.815,2.733,18561411,5381264573.0,2.94,-1.54,-0.043,22.77,510050
2024-11-11,2.721,2.729,2.733,2.686,12060510,3433982664.0,1.71,-0.66,-0.018,14.79,510050
2024-11-12,2.723,2.687,2.759,2.674,13409688,3820161665.0,3.11,-1.54,-0.042,16.45,510050
2024-11-13,2.674,2.703,2.714,2.672,11543369,3271408028.0,1.56,0.6,0.016,14.16,510050
2024-11-14,2.694,2.679,2.721,2.673,12772062,3618983319.0,1.78,-0.89,-0.024,15.67,510050
2024-11-15,2.673,2.643,2.686,2.642,13944189,3912222816.0,1.64,-1.34,-0.036,17.1,510050
2024-11-18,2.654,2.655,2.7,2.641,11996198,3365626873.0,2.23,0.45,0.012,14.71,510050
2024-11-19,2.651,2.643,2.658,2.608,9194689,2548604159.0,1.88,-0.45,-0.012,11.28,510050
2024-11-20,2.637,2.649,2.659,2.629,8549799,2376422995.0,1.14,0.23,0.006,10.49,510050
2024-11-21,2.645,2.656,2.66,2.637,7389827,2057145584.0,0.87,0.26,0.007,9.06,510050
2024-11-22,2.652,2.575,2.657,2.569,13130656,3602971341.0,3.31,-3.05,-0.081,16.11,510050
2024-11-25,2.577,2.552,2.592,2.537,13224316,3568798498.0,2.14,-0.89,-0.023,16.22,510050
2024-11-26,2.542,2.562,2.579,2.541,8399711,2265478100.0,1.49,0.39,0.01,10.3,510050
2024-11-27,2.562,2.594,2.596,2.552,11047126,2996742823.0,1.72,1.25,0.032,13.55,510050
2024-11-28,2.596,2.581,2.601,2.566,9132828,2482544613.0,1.35,-0.5,-0.013,11.2,510050
2024-11-29,2.582,2.597,2.632,2.581,11626312,3182140226.0,1.98,0.62,0.016,14.26,510050
2024-12-02,2.598,2.608,2.617,2.583,7992803,2144378892.0,1.31,0.42,0.011,9.8,510050
2024-12-03,2.608,2.622,2.63,2.595,8012046,2156432834.0,1.34,0.54,0.014,9.83,510050
2024-12-04,2.619,2.619,2.632,2.607,9249462,2495054356.0,0.95,-0.11,-0.003,11.35,510050
2024-12-05,2.61,2.607,2.62,2.599,4138205,1112357920.0,0.8,-0.46,-0.012,5.08,510050
2024-12-06,2.608,2.636,2.656,2.601,9679321,2628474881.0,2.11,1.11,0.029,11.87,510050
2024-12-09,2.633,2.639,2.66,2.627,6695835,1821136370.0,1.25,0.11,0.003,8.21,510050
2024-12-10,2.719,2.664,2.73,2.655,12984448,3596212305.0,2.84,0.95,0.025,15.93,510050
2024-12-11,2.657,2.646,2.667,2.642,6737849,1842999625.0,0.94,-0.68,-0.018,8.26,510050
2024-12-12,2.648,2.677,2.678,2.64,8735536,2397809797.0,1.44,1.17,0.031,10.71,510050
2024-12-13,2.661,2.61,2.662,2.602,17176953,4640972496.0,2.24,-2.5,-0.067,21.07,510050
2024-12-16,2.61,2.606,2.614,2.6,8353765,2244566951.0,0.54,-0.15,-0.004,10.25,510050
2024-12-17,2.602,2.62,2.642,2.602,10871029,2938050879.0,1.53,0.54,0.014,13.33,510050
2024-12-18,2.629,2.639,2.648,2.629,8432093,2292001076.0,0.73,0.73,0.019,10.34,510050
2024-12-19,2.62,2.629,2.639,2.607,5620155,1521754656.0,1.21,-0.38,-0.01,6.89,510050
2024-12-20,2.625,2.621,2.642,2.615,9487539,2567483609.0,1.03,-0.3,-0.008,11.64,510050
2024-12-23,2.621,2.644,2.661,2.621,14460434,3944060298.0,1.53,0.88,0.023,17.74,510050
2024-12-24,2.648,2.673,2.679,2.637,8582619,2354797871.0,1.59,1.1,0.029,10.53,510050
2024-12-25,2.68,2.684,2.698,2.673,10273263,2840047675.0,0.94,0.41,0.011,12.6,510050
2024-12-26,2.683,2.677,2.685,2.668,6313202,1739122645.0,0.63,-0.26,-0.007,7.74,510050
2024-12-27,2.674,2.674,2.689,2.66,6117459,1684614128.0,1.08,-0.11,-0.003,7.5,510050
2024-12-30,2.674,2.693,2.698,2.674,7772449,2152251817.0,0.9,0.71,0.019,9.53,510050
2024-12-31,2.692,2.658,2.699,2.656,15603911,4302212444.0,1.6,-1.3,-0.035,19.14,510050
2025-01-02,2.653,2.587,2.658,2.565,12402833,3336364664.0,3.5,-2.67,-0.071,15.21,510050
2025-01-03,2.583,2.561,2.592,2.549,9348973,2480596828.0,1.66,-1.01,-0.026,11.47,510050
2025-01-06,2.561,2.55,2.566,2.527,10737270,2818947759.0,1.52,-0.43,-0.011,13.17,510050
2025-01-07,2.549,2.565,2.568,2.54,6570023,1731993888.0,1.1,0.59,0.015,8.06,510050
2025-01-08,2.562,2.571,2.587,2.539,12182753,3218938292.0,1.87,0.23,0.006,14.94,510050
2025-01-09,2.569,2.558,2.571,2.547,7736789,2041823177.0,0.93,-0.51,-0.013,9.49,510050
2025-01-10,2.556,2.535,2.571,2.533,9300707,2445972393.0,1.49,-0.9,-0.023,11.41,510050
2025-01-13,2.523,2.527,2.536,2.506,7230674,1881410409.0,1.18,-0.32,-0.008,8.87,510050
2025-01-14,2.531,2.572,2.582,2.524,11877053,3133213372.0,2.3,1.78,0.045,14.57,510050
2025-01-15,2.566,2.566,2.58,2.56,6509676,1724376610.0,0.78,-0.23,-0.006,7.98,510050
2025-01-16,2.572,2.557,2.591,2.545,8949630,2368453814.0,1.79,-0.35,-0.009,10.98,510050
2025-01-17,2.55,2.557,2.571,2.536,6186776,1632157202.0,1.37,0.0,0.0,7.59,510050
2025-01-20,2.57,2.563,2.585,2.557,6491374,1721842485.0,1.1,0.23,0.006,7.96,510050
2025-01-21,2.572,2.56,2.574,2.552,4747302,1254500373.0,0.86,-0.12,-0.003,5.82,510050
2025-01-22,2.559,2.527,2.56,2.517,11475867,2993509343.0,1.68,-1.29,-0.033,14.08,510050
2025-01-23,2.543,2.543,2.584,2.538,13289416,3502865346.0,1.82,0.63,0.016,16.3,510050
2025-01-24,2.542,2.558,2.574,2.538,9747169,2572864277.0,1.42,0.59,0.015,11.96,510050
2025-01-27,2.562,2.563,2.575,2.558,11620837,3074369800.0,0.66,0.2,0.005,14.25,510050
2025-02-05,2.575,2.539,2.578,2.533,11290191,2962741079.0,1.76,-0.94,-0.024,13.85,510050
2025-02-06,2.539,2.558,2.565,2.532,8921698,2347513436.0,1.3,0.75,0.019,10.94,510050
2025-02-07,2.556,2.588,2.605,2.547,13450502,3575362486.0,2.27,1.17,0.03,16.5,510050
2025-02-10,2.588,2.598,2.607,2.584,6044639,1617467906.0,0.89,0.39,0.01,7.41,510050
2025-02-11,2.603,2.591,2.604,2.584,7720638,2062683345.0,0.77,-0.27,-0.007,9.47,510050
2025-02-12,2.59,2.618,2.624,2.585,7175887,1924971127.0,1.51,1.04,0.027,8.8,510050
2025-02-13,2.616,2.622,2.644,2.612,9275064,2509812167.0,1.22,0.15,0.004,11.38,510050
2025-02-14,2.618,2.639,2.643,2.613,9345724,2531742248.0,1.14,0.65,0.017,11.46,510050
2025-02-17,2.645,2.643,2.652,2.624,10702113,2906761376.0,1.06,0.15,0.004,13.13,510050
2025-02-18,2.64,2.633,2.658,2.622,10415171,2835266625.0,1.36,-0.38,-0.01,12.77,510050
2025-02-19,2.627,2.642,2.654,2.62,6717841,1827226884.0,1.29,0.34,0.009,8.24,510050
2025-02-20,2.639,2.628,2.639,2.619,5718533,1548508733.0,0.76,-0.53,-0.014,7.01,510050
2025-02-21,2.636,2.664,2.668,2.627,9607078,2626155764.0,1.56,1.37,0.036,11.78,510050
2025-02-24,2.66,2.651,2.67,2.638,10676691,2919079511.0,1.2,-0.49,-0.013,13.1,510050
2025-02-25,2.638,2.623,2.642,2.614,7562659,2048354417.0,1.06,-1.06,-0.028,9.28,510050
2025-02-26,2.627,2.646,2.648,2.623,6829191,1854394616.0,0.95,0.88,0.023,8.38,510050
2025-02-27,2.645,2.66,2.662,2.634,7267979,1983692780.0,1.06,0.53,0.014,8.91,510050
2025-02-28,2.652,2.625,2.67,2.619,9990513,2722485399.0,1.92,-1.32,-0.035,12.25,510050
2025-03-03,2.624,2.606,2.635,2.597,7660951,2067717435.0,1.45,-0.72,-0.019,9.4,510050
2025-03-04,2.595,2.598,2.606,2.585,5336225,1428469856.0,0.81,-0.31,-0.008,6.55,510050
2025-03-05,2.599,2.617,2.622,2.595,7279974,1958669647.0,1.04,0.73,0.019,8.93,510050
2025-03-06,2.629,2.66,2.67,2.628,11925746,3261219816.0,1.6,1.64,0.043,14.63,510050
2025-03-07,2.658,2.659,2.674,2.653,7012406,1921692029.0,0.79,-0.04,-0.001,8.6,510050
2025-03-10,2.659,2.647,2.661,2.629,12763713,3473076251.0,1.2,-0.45,-0.012,15.66,510050
2025-03-11,2.63,2.659,2.66,2.625,6161943,1676905021.0,1.32,0.45,0.012,7.56,510050
2025-03-12,2.659,2.65,2.666,2.644,5463028,1492721820.0,0.83,-0.34,-0.009,6.7,510050
2025-03-13,2.649,2.643,2.662,2.632,5724652,1562037965.0,1.13,-0.26,-0.007,7.02,510050
2025-03-14,2.648,2.723,2.729,2.648,15514683,4318119340.0,3.06,3.03,0.08,19.03,510050
2025-03-17,2.732,2.718,2.738,2.713,6493563,1820785324.0,0.92,-0.18,-0.005,7.96,510050
2025-03-18,2.727,2.72,2.733,2.717,4533660,1271261850.0,0.59,0.07,0.002,5.56,510050
2025-03-19,2.717,2.729,2.739,2.714,6219571,1744324260.0,0.92,0.33,0.009,7.63,510050
2025-03-20,2.73,2.699,2.731,2.692,7753116,2157416106.0,1.43,-1.1,-0.03,9.51,510050
2025-03-21,2.692,2.654,2.702,2.646,10133600,2787569782.0,2.07,-1.67,-0.045,12.43,510050
2025-03-24,2.653,2.672,2.675,2.652,6366811,1747704081.0,0.87,0.68,0.018,7.81,510050
2025-03-25,2.675,2.672,2.678,2.665,5959960,1639618034.0,0.49,0.0,0.0,7.31,510050
2025-03-26,2.671,2.656,2.677,2.653,7912873,2171300454.0,0.9,-0.6,-0.016,9.71,510050
2025-03-27,2.655,2.67,2.685,2.652,6780263,1863821605.0,1.24,0.53,0.014,8.32,510050
2025-03-28,2.669,2.658,2.673,2.65,5455546,1494605469.0,0.86,-0.45,-0.012,6.69,510050
2025-03-31,2.653,2.645,2.672,2.636,8421435,2298250485.0,1.35,-0.49,-0.013,10.33,510050
2025-04-01,2.646,2.641,2.655,2.638,4572423,1246064948.0,0.64,-0.15,-0.004,5.61,510050
2025-04-02,2.638,2.636,2.649,2.631,3759598,1022632655.0,0.68,-0.19,-0.005,4.61,510050
2025-04-03,2.616,2.64,2.651,2.613,6896073,1874086278.0,1.44,0.15,0.004,8.46,510050
2025-04-07,2.54,2.491,2.58,2.41,37040801,9546614904.0,6.44,-5.64,-0.149,45.43,510050
2025-04-08,2.491,2.548,2.549,2.484,35563153,9231398383.0,2.61,2.29,0.057,43.62,510050
2025-04-09,2.53,2.568,2.573,2.514,15037226,3950325657.0,2.32,0.78,0.02,18.44,510050
2025-04-10,2.595,2.592,2.599,2.568,8769246,2336224166.0,1.21,0.93,0.024,10.76,510050
2025-04-11,2.581,2.597,2.6,2.572,11058711,2951415498.0,1.08,0.19,0.005,13.56,510050
2025-04-14,2.599,2.605,2.613,2.589,4601982,1235248373.0,0.92,0.31,0.008,5.64,510050
2025-04-15,2.601,2.611,2.616,2.591,10207057,2741779164.0,0.96,0.23,0.006,12.52,510050
2025-04-16,2.61,2.635,2.641,2.593,23126580,6254287293.0,1.84,0.92,0.024,28.37,510050
2025-04-17,2.622,2.638,2.666,2.619,11663309,3165668335.0,1.78,0.11,0.003,14.31,510050
2025-04-18,2.63,2.64,2.647,2.625,13018067,3539182659.0,0.83,0.08,0.002,15.97,510050
2025-04-21,2.635,2.631,2.652,2.631,6303513,1714100311.0,0.8,-0.34,-0.009,7.73,510050
2025-04-22,2.63,2.636,2.647,2.629,6106662,1660128171.0,0.68,0.19,0.005,7.49,510050
2025-04-23,2.643,2.628,2.646,2.624,4951600,1342415055.0,0.83,-0.3,-0.008,6.07,510050
2025-04-24,2.628,2.635,2.646,2.627,5941611,1613866464.0,0.72,0.27,0.007,7.29,510050
2025-04-25,2.637,2.63,2.644,2.622,6653659,1805125877.0,0.83,-0.19,-0.005,8.16,510050
2025-04-28,2.625,2.631,2.638,2.614,5199593,1408460197.0,0.91,0.04,0.001,6.38,510050
2025-04-29,2.63,2.626,2.635,2.62,3846837,1040951117.0,0.57,-0.19,-0.005,4.72,510050
2025-04-30,2.626,2.613,2.633,2.612,5568278,1503201223.0,0.8,-0.5,-0.013,6.83,510050
2025-05-06,2.629,2.627,2.63,2.614,5058295,1367480491.0,0.61,0.54,0.014,6.2,510050
2025-05-07,2.659,2.651,2.665,2.635,12209317,3326943534.0,1.14,0.91,0.024,14.98,510050
2025-05-08,2.644,2.662,2.677,2.641,7976006,2186952398.0,1.36,0.41,0.011,9.78,510050
2025-05-09,2.658,2.664,2.67,2.657,5120432,1405198746.0,0.49,0.08,0.002,6.28,510050
2025-05-12,2.67,2.683,2.694,2.664,7264181,2005089060.0,1.13,0.71,0.019,8.91,510050
2025-05-13,2.694,2.689,2.694,2.682,5758009,1593292617.0,0.45,0.22,0.006,7.06,510050
2025-05-14,2.691,2.737,2.752,2.689,12546489,3513556759.0,2.34,1.79,0.048,15.39,510050
2025-05-15,2.733,2.723,2.741,2.718,8112795,2277983259.0,0.84,-0.51,-0.014,9.95,510050
2025-05-16,2.718,2.698,2.724,2.687,6900619,1916601343.0,1.36,-0.92,-0.025,8.46,510050
2025-05-19,2.69,2.689,2.698,2.682,4655272,1288467234.0,0.59,-0.33,-0.009,5.71,510050
2025-05-20,2.69,2.7,2.713,2.689,3666608,1019948818.0,0.89,0.41,0.011,4.5,510050
2025-05-21,2.7,2.713,2.724,2.7,4281720,1196598225.0,0.89,0.48,0.013,5.25,510050
2025-05-22,2.708,2.716,2.722,2.701,2470538,689977958.0,0.77,0.11,0.003,3.03,510050
2025-05-23,2.714,2.695,2.727,2.693,5058543,1410503675.0,1.25,-0.77,-0.021,6.2,510050
2025-05-26,2.69,2.684,2.705,2.676,4736762,1311057810.0,1.08,-0.41,-0.011,5.81,510050
2025-05-27,2.683,2.67,2.691,2.667,4171257,1149675545.0,0.89,-0.52,-0.014,5.12,510050
2025-05-28,2.67,2.667,2.674,2.663,3341957,918550162.0,0.41,-0.11,-0.003,4.1,510050
2025-05-29,2.668,2.674,2.689,2.661,8820875,2432427132.0,1.05,0.26,0.007,10.82,510050
2025-05-30,2.673,2.669,2.678,2.65,8849951,2427758102.0,1.05,-0.19,-0.005,10.86,510050
2025-06-03,2.66,2.668,2.681,2.654,5012603,1377558489.0,1.01,-0.04,-0.001,6.15,510050
2025-06-04,2.671,2.675,2.684,2.668,3180233,876760447.0,0.6,0.26,0.007,3.9,510050
2025-06-05,2.68,2.674,2.681,2.665,4164795,1146637796.0,0.6,-0.04,-0.001,5.11,510050
2025-06-06,2.678,2.676,2.688,2.671,5067367,1397081746.0,0.64,0.07,0.002,6.22,510050
2025-06-09,2.678,2.676,2.687,2.667,7097882,1957559023.0,0.75,0.0,0.0,8.71,510050
2025-06-10,2.678,2.662,2.687,2.655,9179435,2523180749.0,1.2,-0.52,-0.014,11.26,510050
2025-06-11,2.662,2.682,2.696,2.661,5850728,1616633629.0,1.31,0.75,0.02,7.18,510050
2025-06-12,2.678,2.68,2.686,2.661,3926503,1081965600.0,0.93,-0.07,-0.002,4.82,510050
2025-06-13,2.675,2.666,2.68,2.656,6512013,1788406622.0,0.9,-0.52,-0.014,7.99,510050
2025-06-16,2.657,2.673,2.677,2.655,5788284,1590303432.0,0.83,0.26,0.007,7.1,510050
2025-06-17,2.672,2.673,2.676,2.66,5712680,1570751594.0,0.6,0.0,0.0,7.01,510050
2025-06-18,2.672,2.67,2.68,2.659,4276770,1175526798.0,0.79,-0.11,-0.003,5.25,510050
2025-06-19,2.666,2.653,2.668,2.647,8062187,2206082968.0,0.79,-0.64,-0.017,9.89,510050
2025-06-20,2.655,2.669,2.675,2.654,7882260,2165196619.0,0.79,0.6,0.016,9.67,510050
2025-06-23,2.663,2.682,2.691,2.653,7550156,2076108843.0,1.42,0.49,0.013,9.26,510050
2025-06-24,2.682,2.712,2.73,2.681,9588477,2675962191.0,1.83,1.12,0.03,11.76,510050
2025-06-25,2.714,2.752,2.754,2.708,9741270,2736403316.0,1.7,1.47,0.04,11.95,510050
2025-06-26,2.75,2.746,2.754,2.742,5915427,1672621169.0,0.44,-0.22,-0.006,7.26,510050
2025-06-27,2.749,2.715,2.759,2.712,7351361,2068149774.0,1.71,-1.13,-0.031,9.02,510050
2025-06-30,2.715,2.727,2.729,2.707,7893734,2210764804.0,0.81,0.44,0.012,9.68,510050
2025-07-01,2.726,2.73,2.735,2.72,4388174,1232308688.0,0.55,0.11,0.003,5.38,510050
2025-07-02,2.731,2.736,2.743,2.724,4130994,1162975614.0,0.7,0.22,0.006,5.07,510050
2025-07-03,2.738,2.74,2.743,2.728,2259457,636587617.0,0.55,0.15,0.004,2.77,510050
2025-07-04,2.738,2.756,2.778,2.729,5631235,1597038384.0,1.79,0.58,0.016,6.91,510050
2025-07-07,2.751,2.748,2.753,2.74,2882050,814856144.0,0.47,-0.29,-0.008,3.54,510050
2025-07-08,2.747,2.765,2.77,2.747,4582411,1302452590.0,0.84,0.62,0.017,5.62,510050
2025-07-09,2.767,2.762,2.777,2.757,4053707,1154327161.0,0.72,-0.11,-0.003,4.97,510050
2025-07-10,2.759,2.778,2.799,2.758,5590829,1598907166.0,1.48,0.58,0.016,6.86,510050
2025-07-11,2.78,2.791,2.838,2.778,12511232,3610956141.0,2.16,0.47,0.013,15.35,510050
2025-07-14,2.79,2.789,2.804,2.787,5217903,1500087616.0,0.61,-0.07,-0.002,6.4,510050
2025-07-15,2.789,2.775,2.796,2.759,6323674,1805683902.0,1.33,-0.5,-0.014,7.76,510050
2025-07-16,2.775,2.77,2.786,2.759,4466359,1273605526.0,0.97,-0.18,-0.005,5.48,510050
2025-07-17,2.769,2.779,2.78,2.765,3816978,1088783179.0,0.54,0.32,0.009,4.68,510050
2025-07-18,2.784,2.804,2.809,2.782,6767310,1948265127.0,0.97,0.9,0.025,8.3,510050
2025-07-21,2.807,2.81,2.816,2.8,5735454,1657056377.0,0.57,0.21,0.006,7.03,510050
2025-07-22,2.812,2.834,2.836,2.799,6589763,1911014128.0,1.32,0.85,0.024,8.08,510050
2025-07-23,2.835,2.841,2.866,2.834,7262294,2124964391.0,1.13,0.25,0.007,8.91,510050
2025-07-24,2.841,2.853,2.862,2.833,5381465,1576501117.0,1.02,0.42,0.012,6.6,510050
2025-07-25,2.853,2.836,2.853,2.827,5725561,1671135438.0,0.91,-0.6,-0.017,7.02,510050
2025-07-28,2.837,2.849,2.853,2.828,6102850,1782760737.0,0.88,0.46,0.013,7.49,510050
2025-07-29,2.845,2.854,2.858,2.836,5208200,1525541361.0,0.77,0.18,0.005,6.39,510050
2025-07-30,2.85,2.863,2.888,2.843,8261651,2433011771.0,1.58,0.32,0.009,10.13,510050
2025-07-31,2.854,2.819,2.854,2.808,9464200,2749811736.0,1.61,-1.54,-0.044,11.61,510050
2025-08-01,2.813,2.796,2.822,2.789,8235140,2374086988.0,1.17,-0.82,-0.023,10.1,510050
2025-08-04,2.788,2.81,2.811,2.787,4798952,1383406392.0,0.86,0.5,0.014,5.89,510050
2025-08-05,2.81,2.832,2.836,2.808,7243018,2099184601.0,1.0,0.78,0.022,8.88,510050
2025-08-06,2.83,2.838,2.843,2.827,3287829,959042523.0,0.56,0.21,0.006,4.03,510050
2025-08-07,2.84,2.841,2.851,2.828,4043735,1180788104.0,0.81,0.11,0.003,4.96,510050
2025-08-08,2.836,2.83,2.843,2.825,2938309,856099430.0,0.63,-0.39,-0.011,3.6,510050
2025-08-11,2.832,2.832,2.844,2.825,6412172,1869028848.0,0.67,0.07,0.002,7.86,510050
2025-08-12,2.833,2.852,2.86,2.833,6136004,1798129332.0,0.95,0.71,0.02,7.53,510050
2025-08-13,2.852,2.86,2.874,2.85,7414554,2180500310.0,0.84,0.28,0.008,9.09,510050
2025-08-14,2.863,2.874,2.902,2.862,9297514,2757349078.0,1.4,0.49,0.014,11.4,510050
2025-08-15,2.868,2.885,2.897,2.858,13530609,4003619255.0,1.36,0.38,0.011,16.6,510050
2025-08-18,2.89,2.891,2.912,2.876,10996324,3269602786.0,1.25,0.21,0.006,13.49,510050
2025-08-19,2.889,2.857,2.905,2.855,8026990,2377183204.0,1.73,-1.18,-0.034,9.85,510050
2025-08-20,2.854,2.895,2.896,2.841,10037507,2959911661.0,1.93,1.33,0.038,12.31,510050
2025-08-21,2.899,2.91,2.919,2.896,8740236,2611520308.0,0.79,0.52,0.015,10.72,510050
2025-08-22,2.912,2.986,2.987,2.912,12658649,3839493779.0,2.58,2.61,0.076,15.53,510050
2025-08-25,2.999,3.044,3.048,2.994,11883797,3686011529.0,1.81,1.94,0.058,14.58,510050
2025-08-26,3.041,3.021,3.041,3.014,7274856,2259143373.0,0.89,-0.76,-0.023,8.92,510050
2025-08-27,3.023,2.971,3.036,2.967,9928063,3063603360.0,2.28,-1.66,-0.05,12.18,510050
2025-08-28,2.966,3.015,3.017,2.955,11513666,3525295588.0,2.09,1.48,0.044,14.12,510050
2025-08-29,3.005,3.032,3.042,3.001,12427409,3859689659.0,1.36,0.56,0.017,15.24,510050
2025-09-01,3.035,3.033,3.042,3.016,9471059,2943557486.0,0.86,0.03,0.001,11.62,510050
2025-09-02,3.035,3.048,3.061,3.02,7797980,2432778748.0,1.35,0.49,0.015,9.56,510050
2025-09-03,3.048,3.007,3.057,2.984,11190358,3463114302.0,2.4,-1.35,-0.041,13.73,510050
2025-09-04,3.003,2.954,3.006,2.923,14957114,4540923242.0,2.76,-1.76,-0.053,18.35,510050
2025-09-05,2.953,2.992,3.0,2.947,6499236,1981307539.0,1.79,1.29,0.038,7.97,510050
2025-09-08,2.99,2.987,3.003,2.971,5352385,1640028027.0,1.07,-0.17,-0.005,6.57,510050
2025-09-09,2.98,2.979,3.0,2.964,8518875,2609463949.0,1.21,-0.27,-0.008,10.45,510050
2025-09-10,2.976,2.992,3.008,2.974,4603634,1413805970.0,1.14,0.44,0.013,5.65,510050
2025-09-11,2.98,3.042,3.044,2.966,13086003,4051308693.0,2.61,1.67,0.05,16.05,510050
2025-09-12,3.044,3.024,3.056,3.017,6949719,2166630148.0,1.28,-0.59,-0.018,8.52,510050
2025-09-15,3.029,3.017,3.038,3.009,5423224,1682296306.0,0.96,-0.23,-0.007,6.65,510050
2025-09-16,3.02,3.002,3.028,2.995,6450472,1991021244.0,1.09,-0.5,-0.015,7.91,510050
2025-09-17,2.998,3.008,3.014,2.987,5797480,1787174499.0,0.9,0.2,0.006,7.11,510050
2025-09-18,3.012,2.968,3.028,2.94,13048575,3998792923.0,2.93,-1.33,-0.04,16.0,510050
2025-09-19,2.96,2.965,2.985,2.958,6556660,1998501642.0,0.91,-0.1,-0.003,8.04,510050
2025-09-22,2.964,2.974,2.981,2.952,6331045,1928638675.0,0.98,0.3,0.009,7.77,510050
2025-09-23,2.972,2.974,2.99,2.943,11085926,3374128682.0,1.58,0.0,0.0,13.6,510050
2025-09-24,2.964,2.992,2.997,2.962,8089784,2479210133.0,1.18,0.61,0.018,9.92,510050
2025-09-25,2.994,3.007,3.017,2.992,5579762,1721400563.0,0.84,0.5,0.015,6.84,510050
2025-09-26,2.997,2.997,3.016,2.992,4655693,1435065217.0,0.8,-0.33,-0.01,5.71,510050
2025-09-29,2.992,3.029,3.058,2.974,12640895,3914435874.0,2.8,1.07,0.032,15.5,510050
2025-09-30,3.037,3.046,3.048,3.032,5536347,1727831432.0,0.53,0.56,0.017,6.79,510050
2025-10-09,3.057,3.081,3.089,3.041,6753908,2128598458.0,1.58,1.15,0.035,8.28,510050
2025-10-10,3.065,3.032,3.069,3.022,9312346,2914413378.0,1.53,-1.59,-0.049,11.42,510050
2025-10-13,2.971,3.021,3.028,2.971,5377148,1658253505.0,1.88,-0.36,-0.011,6.6,510050
2025-10-14,3.035,3.02,3.052,3.006,11351224,3526579487.0,1.52,-0.03,-0.001,13.92,510050
2025-10-15,3.022,3.058,3.063,3.014,8039212,2502433071.0,1.62,1.26,0.038,9.86,510050
2025-10-16,3.054,3.079,3.088,3.05,8492969,2678346524.0,1.24,0.69,0.021,10.42,510050
2025-10-17,3.078,3.03,3.083,3.018,10476012,3278620181.0,2.11,-1.59,-0.049,12.85,510050
2025-10-20,3.041,3.031,3.054,3.023,9068140,2826283876.0,1.02,0.03,0.001,11.12,510050
2025-10-21,3.038,3.064,3.072,3.034,8524248,2676516855.0,1.25,1.09,0.033,10.46,510050
2025-10-22,3.047,3.068,3.073,3.042,7930701,2490736551.0,1.01,0.13,0.004,9.73,510050
2025-10-23,3.065,3.087,3.092,3.041,5765693,1815583860.0,1.66,0.62,0.019,7.07,510050
2025-10-24,3.095,3.112,3.119,3.091,6810618,2170182537.0,0.91,0.81,0.025,8.35,510050
2025-10-27,3.128,3.136,3.145,3.12,9466972,3042816244.0,0.8,0.77,0.024,11.61,510050
2025-10-28,3.132,3.116,3.143,3.11,7843015,2513720323.0,1.05,-0.64,-0.02,9.62,510050
2025-10-29,3.118,3.13,3.132,3.114,6303459,2018965576.0,0.58,0.45,0.014,7.73,510050
2025-10-30,3.125,3.113,3.143,3.108,9869086,3163449253.0,1.12,-0.54,-0.017,12.11,510050
2025-10-31,3.114,3.08,3.117,3.076,10606639,3363311712.0,1.32,-1.06,-0.033,13.01,510050
2025-11-03,3.073,3.081,3.084,3.052,10062007,3166655043.0,1.04,0.03,0.001,12.34,510050
2025-11-04,3.08,3.076,3.093,3.061,9918416,3136611917.0,1.04,-0.16,-0.005,12.17,510050
2025-11-05,3.053,3.07,3.084,3.045,5728688,1803327006.0,1.27,-0.2,-0.006,7.03,510050
2025-11-06,3.078,3.11,3.115,3.074,6410614,2037541881.0,1.34,1.3,0.04,7.86,510050
2025-11-07,3.103,3.106,3.116,3.101,4454563,1420114082.0,0.48,-0.13,-0.004,5.46,510050
2025-11-10,3.109,3.121,3.123,3.094,4411218,1406521562.0,0.93,0.48,0.015,5.41,510050
2025-11-11,3.125,3.1,3.128,3.089,5112493,1628643364.0,1.25,-0.67,-0.021,6.27,510050
2025-11-12,3.098,3.117,3.126,3.098,5535944,1768649254.0,0.9,0.55,0.017,6.79,510050
2025-11-13,3.111,3.141,3.145,3.11,5012237,1608743671.0,1.12,0.77,0.024,6.15,510050
2025-11-14,3.13,3.103,3.143,3.102,4273872,1369872620.0,1.31,-1.21,-0.038,5.24,510050
2025-11-17,3.102,3.079,3.103,3.066,7648816,2416180192.0,1.19,-0.77,-0.024,9.38,510050
2025-11-18,3.072,3.07,3.088,3.059,6626141,2089781641.0,0.94,-0.29,-0.009,8.13,510050
2025-11-19,3.066,3.085,3.098,3.066,7117605,2254120766.0,1.04,0.49,0.015,8.73,510050
2025-11-20,3.097,3.076,3.106,3.07,3863730,1224754736.0,1.17,-0.29,-0.009,4.74,510050
2025-11-21,3.057,3.021,3.093,3.015,7926387,2473786882.0,2.54,-1.79,-0.055,9.72,510050
2025-11-24,3.025,3.014,3.03,3.006,6183482,1914988653.0,0.79,-0.23,-0.007,7.58,510050
2025-11-25,3.024,3.03,3.038,3.016,5700565,1771704351.0,0.73,0.53,0.016,6.99,510050
2025-11-26,3.033,3.034,3.17,3.031,4655892,1455522610.0,4.59,0.13,0.004,5.71,510050
2025-11-27,3.038,3.032,3.054,3.029,6512394,2031957083.0,0.82,-0.07,-0.002,7.99,510050
2025-11-28,3.031,3.033,3.038,3.017,5891902,1833142674.0,0.69,0.03,0.001,7.23,510050
2025-12-01,3.037,3.057,3.058,3.034,7558124,2362655988.0,0.79,0.79,0.024,9.27,510050
2025-12-02,3.057,3.042,3.058,3.035,4791261,1497172653.0,0.75,-0.49,-0.015,5.88,510050
2025-12-03,3.04,3.028,3.048,3.02,4778345,1488190809.0,0.92,-0.46,-0.014,5.86,510050
2025-12-04,3.032,3.036,3.045,3.022,4306399,1340649980.0,0.76,0.26,0.008,5.28,510050
2025-12-05,3.036,3.065,3.078,3.033,6637137,2079986960.0,1.48,0.96,0.029,8.14,510050
2025-12-08,3.072,3.084,3.098,3.071,7894104,2500002711.0,0.88,0.62,0.019,9.68,510050
2025-12-09,3.08,3.062,3.082,3.055,5570294,1754740990.0,0.88,-0.71,-0.022,6.83,510050
2025-12-10,3.058,3.052,3.062,3.033,5522261,1724812129.0,0.95,-0.33,-0.01,6.77,510050
2025-12-11,3.057,3.04,3.062,3.029,4920669,1536097539.0,1.08,-0.39,-0.012,6.04,510050
2025-12-12,3.045,3.054,3.059,3.03,6310280,1970526961.0,0.95,0.46,0.014,7.74,510050
2025-12-15,3.046,3.053,3.083,3.042,5200073,1635603985.0,1.34,-0.03,-0.001,6.38,510050
2025-12-16,3.051,3.023,3.052,3.009,7878038,2442529699.0,1.41,-0.98,-0.03,9.66,510050
2025-12-17,3.025,3.058,3.074,3.014,8863131,2695966160.0,1.98,1.16,0.035,10.87,510050
2025-12-18,3.053,3.064,3.069,3.046,3775788,1154764013.0,0.75,0.2,0.006,4.63,510050
2025-12-19,3.065,3.078,3.09,3.058,8660722,2665173324.0,1.04,0.46,0.014,10.62,510050
2025-12-22,3.083,3.092,3.1,3.082,5439508,1682043220.0,0.58,0.45,0.014,6.67,510050
2025-12-23,3.096,3.098,3.113,3.089,7227072,2241101077.0,0.78,0.19,0.006,8.86,510050
2025-12-24,3.097,3.099,3.105,3.084,6620371,2050027844.0,0.68,0.03,0.001,8.12,510050
2025-12-25,3.096,3.107,3.113,3.09,4466238,1386865466.0,0.74,0.26,0.008,5.48,510050
2025-12-26,3.108,3.12,3.134,3.106,7161973,2236789637.0,0.9,0.42,0.013,8.78,510050
2025-12-29,3.12,3.109,3.13,3.101,4870165,1518726583.0,0.93,-0.35,-0.011,5.97,510050
2025-12-30,3.1,3.108,3.123,3.094,5242576,1629081498.0,0.93,-0.03,-0.001,6.43,510050
2025-12-31,3.11,3.105,3.124,3.097,9114747,2833025366.0,0.87,-0.1,-0.003,11.18,510050
2026-01-05,3.116,3.174,3.182,3.116,7992179,2524515102.0,2.13,2.22,0.069,9.8,510050
2026-01-06,3.18,3.235,3.236,3.177,6444102,2073263117.0,1.86,1.92,0.061,7.9,510050
2026-01-07,3.236,3.22,3.238,3.206,6129682,1976501651.0,0.99,-0.46,-0.015,7.52,510050
2026-01-08,3.212,3.198,3.218,3.182,5125429,1642284602.0,1.12,-0.68,-0.022,6.29,510050
2026-01-09,3.197,3.209,3.223,3.188,6013761,1927069956.0,1.09,0.34,0.011,7.38,510050
2026-01-12,3.215,3.218,3.225,3.2,5443025,1748840628.0,0.78,0.28,0.009,6.68,510050
2026-01-13,3.223,3.214,3.256,3.2,9151140,2949642163.0,1.74,-0.12,-0.004,11.22,510050
2026-01-14,3.216,3.187,3.249,3.179,11870164,3820923161.0,2.18,-0.84,-0.027,14.56,510050
2026-01-15,3.18,3.18,3.205,3.17,36385077,11581736839.0,1.1,-0.22,-0.007,44.63,510050
2026-01-16,3.193,3.16,3.207,3.142,34763667,11018656854.0,2.04,-0.63,-0.02,42.64,510050
2026-01-19,3.153,3.153,3.174,3.142,22693188,7155389658.0,1.01,-0.22,-0.007,27.83,510050
2026-01-20,3.152,3.15,3.167,3.135,24576446,7744320022.0,1.01,-0.1,-0.003,30.14,510050
2026-01-21,3.147,3.145,3.175,3.136,53658762,16901428956.0,1.24,-0.16,-0.005,65.82,510050
2026-01-22,3.153,3.131,3.166,3.124,28467854,8925098582.0,1.34,-0.45,-0.014,34.92,510050
2026-01-23,3.135,3.106,3.141,3.094,39699812,12351771835.0,1.5,-0.8,-0.025,48.69,510050
2026-01-26,3.115,3.129,3.166,3.111,53619427,16795014111.0,1.77,0.74,0.023,65.77,510050
2026-01-27,3.13,3.131,3.158,3.123,28902465,9061716278.0,1.12,0.06,0.002,35.45,510050
2026-01-28,3.141,3.138,3.152,3.123,68470665,21454832756.0,0.93,0.22,0.007,83.98,510050
2026-01-29,3.145,3.196,3.203,3.128,36935945,11689686750.0,2.39,1.85,0.058,45.3,510050
2026-01-30,3.175,3.147,3.186,3.116,11439162,3606714962.0,2.19,-1.53,-0.049,14.03,510050
2026-02-02,3.13,3.08,3.154,3.071,16930653,5253679671.0,2.64,-2.13,-0.067,20.77,510050
2026-02-03,3.098,3.108,3.111,3.063,9719698,3003809726.0,1.56,0.91,0.028,11.92,510050
2026-02-04,3.107,3.147,3.148,3.103,7163199,2238591025.0,1.45,1.25,0.039,8.79,510050
2026-02-05,3.129,3.137,3.145,3.106,7105427,2221742828.0,1.24,-0.32,-0.01,8.72,510050
2026-02-06,3.11,3.115,3.135,3.092,7068558,2200633906.0,1.37,-0.7,-0.022,8.67,510050
2026-02-09,3.14,3.161,3.162,3.135,6225056,1962017584.0,0.87,1.48,0.046,7.64,510050
2026-02-10,3.165,3.17,3.171,3.159,4426210,1400921663.0,0.38,0.28,0.009,5.43,510050
2026-02-11,3.165,3.17,3.174,3.156,3693565,1169523562.0,0.57,0.0,0.0,4.53,510050
2026-02-12,3.171,3.161,3.176,3.158,2559036,809350294.0,0.57,-0.28,-0.009,3.14,510050
2026-02-13,3.149,3.114,3.15,3.111,9338776,2917013891.0,1.23,-1.49,-0.047,11.45,510050
2026-02-24,3.15,3.119,3.154,3.118,4165786,1303475437.0,1.16,0.16,0.005,5.11,510050
2026-02-25,3.121,3.134,3.162,3.121,8470643,2659610449.0,1.31,0.48,0.015,10.39,510050
2026-02-26,3.136,3.115,3.14,3.101,4776386,1488554625.0,1.24,-0.61,-0.019,5.86,510050
2026-02-27,3.108,3.123,3.128,3.104,5581606,1740196930.0,0.77,0.26,0.008,6.85,510050
2026-03-02,3.113,3.125,3.131,3.086,10925052,3401466066.0,1.44,0.06,0.002,13.4,510050
2026-03-03,3.122,3.096,3.137,3.089,8676074,2697542076.0,1.54,-0.93,-0.029,10.64,510050
2026-03-04,3.07,3.051,3.077,3.03,6620919,2022399263.0,1.52,-1.45,-0.045,8.12,510050
2026-03-05,3.066,3.066,3.078,3.054,5806391,1780740164.0,0.79,0.49,0.015,7.12,510050
2026-03-06,3.055,3.068,3.079,3.047,6014140,1842106689.0,1.04,0.07,0.002,7.38,510050
2026-03-09,3.04,3.041,3.05,3.005,8632089,2612539197.0,1.47,-0.88,-0.027,10.59,510050
2026-03-10,3.047,3.06,3.064,3.047,4393113,1342906763.0,0.56,0.62,0.019,5.39,510050
2026-03-11,3.06,3.062,3.066,3.048,3983936,1218659571.0,0.59,0.07,0.002,4.89,510050
2026-03-12,3.058,3.047,3.061,3.03,5331609,1624238842.0,1.01,-0.49,-0.015,6.54,510050
2026-03-13,3.038,3.035,3.055,3.027,4469639,1360100429.0,0.92,-0.39,-0.012,5.48,510050
2026-03-16,3.03,3.028,3.032,3.003,6431454,1943812608.0,0.96,-0.23,-0.007,7.89,510050
2026-03-17,3.03,3.039,3.072,3.028,7016996,2142979238.0,1.45,0.36,0.011,8.61,510050
2026-03-18,3.045,3.035,3.05,3.015,5913833,1793105343.0,1.15,-0.13,-0.004,7.25,510050
2026-03-19,3.01,2.993,3.018,2.983,7664708,2298977591.0,1.15,-1.38,-0.042,9.4,510050
2026-03-20,2.99,2.957,3.001,2.955,9070530,2701831656.0,1.54,-1.2,-0.036,11.13,510050
2026-03-23,2.924,2.868,2.931,2.851,13985705,4033225736.0,2.71,-3.01,-0.089,17.15,510050
2026-03-24,2.88,2.9,2.902,2.862,9756823,2815365062.0,1.39,1.12,0.032,11.97,510050
2026-03-25,2.911,2.93,2.935,2.91,11941220,3493475490.0,0.86,1.03,0.03,14.65,510050
2026-03-26,2.927,2.897,2.935,2.89,4154586,1209382587.0,1.54,-1.13,-0.033,5.1,510050
2026-03-27,2.877,2.909,2.919,2.876,6506352,1890122901.0,1.48,0.41,0.012,7.98,510050
2026-03-30,2.886,2.905,2.908,2.875,5452618,1575939126.0,1.13,-0.14,-0.004,6.69,510050
2026-03-31,2.912,2.902,2.939,2.9,6016877,1758374966.0,1.34,-0.1,-0.003,7.38,510050
2026-04-01,2.93,2.951,2.957,2.929,4575115,1347557081.0,0.96,1.69,0.049,5.61,510050
2026-04-02,2.945,2.926,2.947,2.911,4193380,1229403559.0,1.22,-0.85,-0.025,5.14,510050
2026-04-03,2.93,2.901,2.932,2.898,2830257,824316115.0,1.16,-0.85,-0.025,3.47,510050
2026-04-07,2.901,2.9,2.915,2.895,4016673,1166961547.0,0.69,-0.03,-0.001,4.93,510050
2026-04-08,2.94,2.978,2.982,2.938,8465137,2507918932.0,1.52,2.69,0.078,10.38,510050
2026-04-09,2.964,2.958,2.964,2.95,3756177,1111116413.0,0.47,-0.67,-0.02,4.61,510050
2026-04-10,2.967,2.972,2.989,2.966,4850042,1444035469.0,0.78,0.47,0.014,5.95,510050
2026-04-13,2.966,2.972,2.975,2.956,2694993,799899357.0,0.64,0.0,0.0,3.31,510050
2026-04-14,2.988,2.997,2.999,2.972,4224665,1261579353.0,0.91,0.84,0.025,5.18,510050
2026-04-15,3.008,3.008,3.027,3.005,3957364,1193503853.0,0.73,0.37,0.011,4.85,510050
2026-04-16,3.01,3.014,3.024,3.004,5217587,1573196748.0,0.66,0.2,0.006,6.4,510050
2026-04-17,2.999,2.982,3.004,2.98,8270499,2471940802.0,0.8,-1.06,-0.032,10.14,510050
2026-04-20,2.982,3.007,3.011,2.981,6487534,1946054154.0,1.01,0.84,0.025,7.96,510050
2026-04-21,3.006,3.006,3.01,2.992,6901859,2071605592.0,0.6,-0.03,-0.001,8.47,510050
2026-04-22,2.998,3.005,3.01,2.996,9780069,2936318894.0,0.47,-0.03,-0.001,12.0,510050
2026-04-23,3.006,3.001,3.014,2.984,13105053,3933095472.0,1.0,-0.13,-0.004,16.07,510050
2026-04-24,2.995,3.018,3.024,2.986,9899961,2976800794.0,1.27,0.57,0.017,12.14,510050
2026-04-27,3.015,3.013,3.031,3.007,10157245,3062740187.0,0.8,-0.17,-0.005,12.46,510050
2026-04-28,3.008,3.024,3.037,3.006,12383674,3748025654.0,1.03,0.37,0.011,15.19,510050
2026-04-29,3.019,3.041,3.046,3.014,12870056,3894058815.0,1.06,0.56,0.017,15.79,510050
2026-04-30,3.042,3.062,3.065,3.037,17512075,5350037813.0,0.92,0.69,0.021,21.48,510050
2026-05-06,3.079,3.1,3.116,3.077,18737284,5816897296.0,1.27,1.24,0.038,22.98,510050
2026-05-07,3.107,3.103,3.115,3.094,16135513,5002057798.0,0.68,0.1,0.003,19.79,510050
2026-05-08,3.092,3.075,3.093,3.061,18079093,5554580169.0,1.03,-0.9,-0.028,22.18,510050
2026-05-11,3.09,3.116,3.123,3.081,17761779,5508278520.0,1.37,1.33,0.041,21.79,510050
2026-05-12,3.116,3.119,3.131,3.108,11788729,3674864435.0,0.74,0.1,0.003,14.46,510050
2026-05-13,3.107,3.123,3.127,3.093,13770469,4278442732.0,1.09,0.13,0.004,16.89,510050
2026-05-14,3.131,3.074,3.133,3.072,10422841,3230850343.0,1.95,-1.57,-0.049,12.78,510050
2026-05-15,3.065,3.035,3.076,3.018,11090662,3383669380.0,1.89,-1.27,-0.039,13.6,510050
2026-05-18,3.02,3.008,3.03,2.992,8709846,2621819056.0,1.25,-0.89,-0.027,10.68,510050
2026-05-19,3.005,3.026,3.028,2.99,16453482,4945752838.0,1.26,0.6,0.018,20.18,510050
2026-05-20,3.012,3.029,3.037,3.01,12820188,3878181495.0,0.89,0.1,0.003,15.72,510050
2026-05-21,3.043,2.994,3.072,2.992,9552675,2908756656.0,2.64,-1.16,-0.035,11.72,510050
2026-05-22,3.005,2.995,3.01,2.982,12521537,3749093628.0,0.94,0.03,0.001,15.36,510050
2026-05-25,3.003,3.039,3.041,3.0,13538492,4099283633.0,1.37,1.47,0.044,16.61,510050
2026-05-26,3.033,3.046,3.049,3.019,8749755,2655191778.0,0.99,0.23,0.007,10.73,510050
2026-05-27,3.042,3.008,3.051,2.993,9816737,2961688369.0,1.9,-1.25,-0.038,12.04,510050
2026-05-28,3.0,2.985,3.003,2.966,4935068,1474660558.0,1.23,-0.76,-0.023,6.05,510050
2026-05-29,2.988,2.997,3.013,2.984,6306753,1889896638.0,0.97,0.4,0.012,7.74,510050
